Date,Time,Number of Insects,New Catches,Event,Location
2024-07-06,06:01:00,0.0,0.0,,Cicalino1
2024-07-07,06:04:00,0.0,0.0,,Cicalino1
2024-07-08,06:03:00,0.0,0.0,,Cicalino1
2024-07-09,06:05:00,0.0,0.0,,Cicalino1
2024-07-09,06:13:59,,,Cleaning,Cicalino1
2024-07-10,06:03:00,0.0,0.0,,Cicalino1
2024-07-11,06:01:00,0.0,0.0,,Cicalino1
2024-07-12,06:05:00,0.0,0.0,,Cicalino1
2024-07-13,06:02:00,0.0,0.0,,Cicalino1
2024-07-14,06:01:00,1.0,1.0,,Cicalino1
2024-07-15,06:04:00,1.0,0.0,,Cicalino1
2024-07-16,06:03:00,2.0,1.0,,Cicalino1
2024-07-16,06:12:59,,,Cleaning,Cicalino1
2024-07-17,06:02:00,1.0,1.0,,Cicalino1
2024-07-18,06:01:00,1.0,0.0,,Cicalino1
2024-07-19,06:04:00,1.0,0.0,,Cicalino1
2024-07-20,06:02:00,1.0,0.0,,Cicalino1
2024-07-20,06:11:59,,,Cleaning,Cicalino1
2024-07-21,06:02:00,1.0,1.0,,Cicalino1
2024-07-22,06:00:00,2.0,1.0,,Cicalino1
2024-07-23,06:04:00,0.0,0.0,,Cicalino1
2024-07-24,06:02:00,0.0,0.0,,Cicalino1
2024-07-25,06:01:00,1.0,1.0,,Cicalino1
2024-07-26,06:01:00,1.0,0.0,,Cicalino1
2024-07-27,06:05:00,1.0,0.0,,Cicalino1
2024-07-28,06:03:00,3.0,2.0,,Cicalino1
2024-07-28,06:12:59,,,Cleaning,Cicalino1
2024-07-29,06:04:00,0.0,0.0,,Cicalino1
2024-07-30,06:02:00,0.0,0.0,,Cicalino1
2024-07-31,06:00:00,0.0,0.0,,Cicalino1
2024-08-01,06:04:00,0.0,0.0,,Cicalino1
2024-08-02,06:03:00,0.0,0.0,,Cicalino1
2024-08-02,06:12:59,,,Cleaning,Cicalino1
2024-08-03,06:03:00,0.0,0.0,,Cicalino1
2024-08-03,06:13:59,,,Cleaning,Cicalino1
2024-08-04,06:04:00,0.0,0.0,,Cicalino1
2024-08-05,06:01:00,0.0,0.0,,Cicalino1
2024-08-06,06:00:00,1.0,1.0,,Cicalino1
2024-08-07,06:04:00,1.0,0.0,,Cicalino1
2024-08-08,06:03:00,1.0,0.0,,Cicalino1
2024-08-09,06:01:00,1.0,0.0,,Cicalino1
2024-08-09,06:10:59,,,Cleaning,Cicalino1
2024-08-10,06:00:00,0.0,0.0,,Cicalino1
2024-08-11,06:04:00,0.0,0.0,,Cicalino1
2024-08-12,06:03:00,0.0,0.0,,Cicalino1
2024-08-13,06:03:00,0.0,0.0,,Cicalino1
2024-08-14,06:01:00,0.0,0.0,,Cicalino1
2024-08-15,06:00:00,0.0,0.0,,Cicalino1
2024-08-15,06:10:59,,,Cleaning,Cicalino1
2024-08-16,06:00:00,0.0,0.0,,Cicalino1
2024-08-17,06:04:00,0.0,0.0,,Cicalino1
2024-08-18,06:03:00,0.0,0.0,,Cicalino1
2024-08-19,06:02:00,0.0,0.0,,Cicalino1
2024-08-20,06:00:00,0.0,0.0,,Cicalino1
2024-08-21,06:03:00,0.0,0.0,,Cicalino1
2024-08-21,06:12:59,,,Cleaning,Cicalino1
2024-08-22,06:04:00,0.0,0.0,,Cicalino1
2024-08-23,06:03:00,0.0,0.0,,Cicalino1
2024-07-05,11:31:01,0.0,0.0,,Cicalino2
2024-07-06,03:02:01,0.0,0.0,,Cicalino2
2024-07-07,03:04:01,0.0,0.0,,Cicalino2
2024-07-08,03:01:01,0.0,0.0,,Cicalino2
2024-07-08,03:10:00,,,Cleaning,Cicalino2
2024-07-09,03:00:01,0.0,0.0,,Cicalino2
2024-07-09,03:09:00,,,Cleaning,Cicalino2
2024-07-11,01:35:59,,,Cleaning,Cicalino2
2024-07-11,03:00:00,0.0,0.0,,Cicalino2
2024-07-12,03:03:00,0.0,0.0,,Cicalino2
2024-07-13,03:03:00,0.0,0.0,,Cicalino2
2024-07-14,03:01:00,0.0,0.0,,Cicalino2
2024-07-15,03:05:00,0.0,0.0,,Cicalino2
2024-07-16,03:04:00,0.0,0.0,,Cicalino2
2024-07-17,03:03:00,0.0,0.0,,Cicalino2
2024-07-18,03:02:00,0.0,0.0,,Cicalino2
2024-07-18,03:12:59,,,Cleaning,Cicalino2
2024-07-19,03:04:00,1.0,1.0,,Cicalino2
2024-07-20,03:03:00,2.0,1.0,,Cicalino2
2024-07-21,03:02:00,2.0,0.0,,Cicalino2
2024-07-22,03:00:00,2.0,0.0,,Cicalino2
2024-07-23,03:01:00,2.0,0.0,,Cicalino2
2024-07-23,03:10:59,,,Cleaning,Cicalino2
2024-07-24,03:02:00,1.0,1.0,,Cicalino2
2024-07-24,03:12:59,,,Cleaning,Cicalino2
2024-07-25,03:03:00,1.0,1.0,,Cicalino2
2024-07-26,03:02:00,1.0,0.0,,Cicalino2
2024-07-27,03:01:00,1.0,0.0,,Cicalino2
2024-07-28,03:00:00,0.0,0.0,,Cicalino2
2024-07-28,03:09:59,,,Cleaning,Cicalino2
2024-07-29,03:00:00,0.0,0.0,,Cicalino2
2024-07-30,03:04:00,0.0,0.0,,Cicalino2
2024-07-31,03:03:00,0.0,0.0,,Cicalino2
2024-08-01,03:01:00,0.0,0.0,,Cicalino2
2024-08-02,03:00:00,0.0,0.0,,Cicalino2
2024-08-03,03:00:00,0.0,0.0,,Cicalino2
2024-08-03,03:09:59,,,Cleaning,Cicalino2
2024-08-04,03:01:00,0.0,0.0,,Cicalino2
2024-08-05,03:00:00,0.0,0.0,,Cicalino2
2024-08-06,03:04:00,0.0,0.0,,Cicalino2
2024-08-07,03:02:00,0.0,0.0,,Cicalino2
2024-08-08,03:01:00,0.0,0.0,,Cicalino2
2024-08-09,03:04:00,0.0,0.0,,Cicalino2
2024-08-09,03:13:59,,,Cleaning,Cicalino2
2024-08-10,03:00:00,0.0,0.0,,Cicalino2
2024-08-11,03:04:00,0.0,0.0,,Cicalino2
2024-08-12,03:03:00,0.0,0.0,,Cicalino2
2024-08-13,03:01:00,0.0,0.0,,Cicalino2
2024-08-14,03:00:00,0.0,0.0,,Cicalino2
2024-08-15,03:04:00,0.0,0.0,,Cicalino2
2024-08-16,03:03:00,0.0,0.0,,Cicalino2
2024-08-17,03:02:00,0.0,0.0,,Cicalino2
2024-08-18,03:01:00,0.0,0.0,,Cicalino2
2024-08-18,03:10:59,,,Cleaning,Cicalino2
2024-08-19,03:01:00,0.0,0.0,,Cicalino2
2024-08-20,03:00:00,0.0,0.0,,Cicalino2
2024-08-21,03:04:00,0.0,0.0,,Cicalino2
2024-08-22,03:03:00,0.0,0.0,,Cicalino2
2024-08-23,03:03:00,1.0,1.0,,Cicalino2
