Date,Time,Average Temperature,Temp_low,Temp_high,Average Humidity,Location
2024-07-30,12:00:00,34.98,34.8,35.1,35.38,Imola1
2024-07-30,13:00:00,35.08,34.8,35.3,33.89,Imola1
2024-07-30,14:00:00,35.14,34.8,35.5,33.49,Imola1
2024-07-30,15:00:00,34.4,33.9,34.8,35.22,Imola1
2024-07-30,16:00:00,33.11,32.6,34.0,35.3,Imola1
2024-07-30,17:00:00,32.18,31.5,32.7,34.67,Imola1
2024-07-30,18:00:00,29.8,28.1,31.2,38.26,Imola1
2024-07-30,19:00:00,27.23,26.6,27.8,41.87,Imola1
2024-07-30,20:00:00,25.48,24.8,26.3,46.15,Imola1
2024-07-30,21:00:00,23.97,23.0,24.8,54.17,Imola1
2024-07-30,22:00:00,22.43,22.3,22.7,62.64,Imola1
2024-07-30,23:00:00,22.35,22.1,22.7,64.17,Imola1
2024-07-31,00:00:00,22.81,22.4,23.2,63.45,Imola1
2024-07-31,01:00:00,21.67,21.2,22.2,67.49,Imola1
2024-07-31,02:00:00,21.25,21.1,21.5,68.79,Imola1
2024-07-31,03:00:00,20.71,20.5,20.9,71.13,Imola1
2024-07-31,04:00:00,20.33,20.2,20.4,72.8,Imola1
2024-07-31,05:00:00,21.31,20.3,22.1,71.2,Imola1
2024-07-31,06:00:00,23.95,22.3,25.8,64.55,Imola1
2024-07-31,07:00:00,28.23,26.2,30.3,52.47,Imola1
2024-07-31,08:00:00,32.09,30.7,33.2,42.21,Imola1
2024-07-31,09:00:00,33.77,33.1,34.6,37.65,Imola1
2024-07-31,10:00:00,35.07,34.1,35.9,35.43,Imola1
2024-07-31,11:00:00,36.74,36.1,37.6,32.78,Imola1
2024-07-31,12:00:00,37.42,37.1,37.8,32.03,Imola1
2024-07-31,13:00:00,38.14,37.8,38.4,31.02,Imola1
2024-07-31,14:00:00,38.28,38.0,38.7,31.31,Imola1
2024-07-31,15:00:00,38.25,38.1,38.5,31.28,Imola1
2024-07-31,16:00:00,36.4,34.8,37.8,34.55,Imola1
2024-07-31,17:00:00,33.72,32.7,34.5,40.01,Imola1
2024-07-31,18:00:00,30.95,29.6,32.3,46.4,Imola1
2024-07-31,19:00:00,28.25,27.0,29.3,53.02,Imola1
2024-07-31,20:00:00,25.85,25.3,26.6,62.99,Imola1
2024-07-31,21:00:00,24.44,23.9,25.1,68.2,Imola1
2024-07-31,22:00:00,23.85,23.5,24.1,61.68,Imola1
2024-07-31,23:00:00,22.93,22.6,23.6,60.97,Imola1
2024-08-01,00:00:00,23.77,22.9,24.1,55.79,Imola1
2024-08-01,01:00:00,22.91,22.5,23.8,59.66,Imola1
2024-08-01,02:00:00,23.92,22.6,25.0,56.23,Imola1
2024-08-01,03:00:00,24.75,24.1,25.1,55.15,Imola1
2024-08-01,04:00:00,24.12,23.7,24.9,59.85,Imola1
2024-08-01,05:00:00,23.77,23.5,24.3,64.53,Imola1
2024-08-01,06:00:00,26.31,24.6,28.0,59.37,Imola1
2024-08-01,07:00:00,30.05,28.3,31.7,50.42,Imola1
2024-08-01,08:00:00,33.56,32.2,34.7,44.67,Imola1
2024-08-01,09:00:00,35.08,34.7,35.5,43.52,Imola1
2024-08-01,10:00:00,36.7,35.7,37.7,40.75,Imola1
2024-08-01,11:00:00,38.06,37.8,38.2,38.03,Imola1
2024-08-01,12:00:00,38.88,38.5,39.3,34.11,Imola1
2024-08-01,13:00:00,39.35,39.0,39.7,32.28,Imola1
2024-08-01,14:00:00,39.15,38.6,39.6,32.54,Imola1
2024-08-01,15:00:00,38.05,37.5,38.4,33.83,Imola1
2024-08-01,16:00:00,36.88,35.8,37.4,29.75,Imola1
2024-08-01,17:00:00,34.93,34.0,35.7,24.81,Imola1
2024-08-01,18:00:00,33.4,32.5,34.3,24.07,Imola1
2024-08-01,19:00:00,31.36,30.7,32.3,26.96,Imola1
2024-08-01,20:00:00,30.04,29.5,30.6,29.53,Imola1
2024-08-01,21:00:00,28.91,28.3,29.5,31.23,Imola1
2024-08-01,22:00:00,26.91,25.5,28.3,57.55,Imola1
2024-08-01,23:00:00,24.98,24.0,25.6,74.93,Imola1
2024-08-02,00:00:00,23.11,22.6,23.8,83.47,Imola1
2024-08-02,01:00:00,22.34,22.1,22.5,87.76,Imola1
2024-08-02,02:00:00,21.95,21.8,22.2,89.44,Imola1
2024-08-02,03:00:00,21.55,20.9,22.0,86.34,Imola1
2024-08-02,04:00:00,20.54,20.1,20.9,82.64,Imola1
2024-08-02,05:00:00,21.11,20.5,21.8,85.85,Imola1
2024-08-02,06:00:00,23.51,22.0,24.9,77.57,Imola1
2024-08-02,07:00:00,26.98,25.1,28.5,67.55,Imola1
2024-08-02,08:00:00,29.85,28.5,31.5,56.52,Imola1
2024-08-02,09:00:00,31.62,31.1,32.5,48.41,Imola1
2024-08-02,10:00:00,33.45,32.7,34.6,43.39,Imola1
2024-08-02,11:00:00,35.09,34.0,35.7,40.54,Imola1
2024-08-02,12:00:00,36.09,35.4,36.8,39.05,Imola1
2024-08-02,13:00:00,36.79,36.5,37.2,38.38,Imola1
2024-08-02,14:00:00,36.92,36.3,37.3,38.33,Imola1
2024-08-02,15:00:00,33.2,31.6,35.7,49.75,Imola1
2024-08-02,16:00:00,32.72,31.7,33.4,54.33,Imola1
2024-08-02,17:00:00,30.13,29.2,31.7,59.88,Imola1
2024-08-02,18:00:00,28.55,27.6,29.3,64.62,Imola1
2024-08-02,19:00:00,26.83,26.4,27.4,70.55,Imola1
2024-08-02,20:00:00,25.6,25.2,26.3,75.35,Imola1
2024-08-02,21:00:00,24.87,24.5,25.3,76.76,Imola1
2024-08-02,22:00:00,24.42,24.2,24.8,79.93,Imola1
2024-08-02,23:00:00,24.15,23.8,24.5,81.8,Imola1
2024-08-03,00:00:00,24.03,23.7,24.3,83.68,Imola1
2024-08-03,01:00:00,23.68,23.3,23.9,84.87,Imola1
2024-08-03,02:00:00,23.23,23.1,23.3,87.31,Imola1
2024-08-03,03:00:00,22.97,22.8,23.2,88.52,Imola1
2024-08-03,04:00:00,23.08,22.8,23.3,88.19,Imola1
2024-08-03,05:00:00,23.55,23.3,24.3,88.09,Imola1
2024-08-03,06:00:00,25.66,24.5,27.3,79.61,Imola1
2024-08-03,07:00:00,29.0,27.6,30.3,65.66,Imola1
2024-08-03,08:00:00,30.98,30.2,31.7,58.08,Imola1
2024-08-03,09:00:00,31.29,30.3,32.0,59.43,Imola1
2024-08-03,10:00:00,29.25,26.7,32.1,57.85,Imola1
2024-08-03,11:00:00,24.24,22.6,26.4,69.8,Imola1
2024-08-03,12:00:00,24.83,24.4,25.6,70.53,Imola1
2024-08-03,13:00:00,26.33,25.5,27.7,66.38,Imola1
2024-08-03,14:00:00,28.59,27.4,30.5,59.36,Imola1
2024-08-03,15:00:00,30.49,29.9,31.0,50.72,Imola1
2024-08-03,16:00:00,30.77,30.4,31.2,47.95,Imola1
2024-08-03,17:00:00,29.33,27.3,30.5,52.72,Imola1
2024-08-03,18:00:00,25.71,25.3,26.6,63.74,Imola1
2024-08-03,19:00:00,24.64,23.8,25.4,69.1,Imola1
2024-08-03,20:00:00,22.86,22.5,23.6,76.35,Imola1
2024-08-03,21:00:00,21.95,21.5,22.6,82.4,Imola1
2024-08-03,22:00:00,21.26,20.9,21.5,85.95,Imola1
2024-08-03,23:00:00,20.68,20.4,20.9,88.16,Imola1
2024-08-04,00:00:00,20.84,20.5,21.0,87.31,Imola1
2024-08-04,01:00:00,20.55,19.8,21.1,87.23,Imola1
2024-08-04,02:00:00,19.45,19.3,19.6,91.85,Imola1
2024-08-04,03:00:00,20.03,19.7,20.3,88.32,Imola1
2024-08-04,04:00:00,19.17,19.0,19.6,91.12,Imola1
2024-08-04,05:00:00,20.18,19.2,20.8,86.57,Imola1
2024-08-04,06:00:00,22.17,20.7,24.1,80.01,Imola1
2024-08-04,07:00:00,25.71,24.5,28.2,66.99,Imola1
2024-08-04,08:00:00,29.93,28.5,31.1,56.24,Imola1
2024-08-04,09:00:00,32.07,31.6,32.7,47.95,Imola1
2024-08-04,10:00:00,33.25,32.3,34.0,42.16,Imola1
2024-08-04,11:00:00,34.41,34.1,35.1,39.95,Imola1
2024-08-04,12:00:00,34.8,34.5,35.1,39.19,Imola1
2024-08-04,13:00:00,35.24,35.0,35.4,37.18,Imola1
2024-08-04,14:00:00,35.21,34.6,35.7,36.93,Imola1
2024-08-04,15:00:00,34.08,33.5,34.8,38.94,Imola1
2024-08-04,16:00:00,33.29,32.9,33.5,35.45,Imola1
2024-08-04,17:00:00,31.3,30.7,32.5,38.09,Imola1
2024-08-04,18:00:00,29.08,27.8,30.5,42.76,Imola1
2024-08-04,19:00:00,26.38,25.9,27.5,52.14,Imola1
2024-08-04,20:00:00,24.97,24.0,25.8,56.98,Imola1
2024-08-04,21:00:00,23.21,22.6,23.8,64.4,Imola1
2024-08-04,22:00:00,21.97,21.7,22.4,70.35,Imola1
2024-08-05,00:00:00,21.44,21.3,21.8,72.66,Imola1
2024-08-05,01:00:00,20.91,20.7,21.3,75.05,Imola1
2024-08-05,02:00:00,20.75,20.6,20.8,74.76,Imola1
2024-08-05,03:00:00,20.6,20.5,20.7,73.25,Imola1
2024-08-05,04:00:00,20.61,20.3,20.9,70.06,Imola1
2024-08-05,05:00:00,20.15,19.7,20.3,70.48,Imola1
2024-08-05,06:00:00,19.85,19.5,20.2,69.94,Imola1
2024-08-05,07:00:00,19.97,19.8,20.4,70.04,Imola1
2024-08-05,08:00:00,22.7,20.7,24.8,60.24,Imola1
2024-08-05,09:00:00,26.93,25.2,28.9,47.13,Imola1
2024-08-05,10:00:00,31.05,29.4,32.8,41.41,Imola1
2024-08-05,11:00:00,33.71,33.3,34.3,37.89,Imola1
2024-08-05,12:00:00,34.65,34.3,35.3,35.25,Imola1
2024-08-05,13:00:00,35.41,34.9,36.0,32.66,Imola1
2024-08-05,14:00:00,36.43,36.0,36.9,30.82,Imola1
2024-08-05,15:00:00,36.67,36.3,37.1,30.63,Imola1
2024-08-05,16:00:00,35.85,35.1,36.6,35.4,Imola1
2024-08-05,17:00:00,34.75,34.0,35.4,37.75,Imola1
2024-08-05,18:00:00,33.52,33.0,34.3,39.39,Imola1
2024-08-05,19:00:00,31.92,31.2,32.8,43.23,Imola1
2024-08-05,20:00:00,29.61,28.1,31.0,50.44,Imola1
2024-08-05,21:00:00,26.99,26.5,27.9,60.68,Imola1
2024-08-05,22:00:00,25.83,25.2,26.4,66.84,Imola1
2024-08-05,23:00:00,24.56,24.2,25.1,72.16,Imola1
2024-08-06,00:00:00,24.16,23.8,24.4,72.69,Imola1
2024-08-06,01:00:00,23.41,23.2,23.6,75.4,Imola1
2024-08-06,02:00:00,22.85,22.6,23.0,77.29,Imola1
2024-08-06,03:00:00,22.7,22.3,22.9,77.27,Imola1
2024-08-06,04:00:00,21.88,21.8,22.1,80.69,Imola1
2024-08-06,05:00:00,21.52,21.2,21.7,82.23,Imola1
2024-08-06,06:00:00,21.11,21.0,21.2,84.11,Imola1
2024-08-06,07:00:00,21.59,21.3,22.2,82.19,Imola1
2024-08-06,08:00:00,24.25,22.5,26.3,73.05,Imola1
2024-08-06,09:00:00,28.09,26.5,29.8,59.96,Imola1
2024-08-06,10:00:00,31.5,30.3,33.1,53.04,Imola1
2024-08-06,11:00:00,33.58,33.4,33.7,46.48,Imola1
2024-08-06,12:00:00,34.6,33.7,35.2,44.13,Imola1
2024-08-06,13:00:00,35.71,35.2,36.1,40.35,Imola1
2024-08-06,14:00:00,36.27,35.8,36.9,36.62,Imola1
2024-08-06,15:00:00,36.65,35.9,37.2,36.35,Imola1
2024-08-06,16:00:00,36.03,35.3,36.5,37.48,Imola1
2024-08-06,17:00:00,34.96,33.7,35.4,38.21,Imola1
2024-08-06,18:00:00,32.82,30.8,34.3,41.23,Imola1
2024-08-06,19:00:00,30.13,29.6,30.6,48.47,Imola1
2024-08-06,20:00:00,29.23,28.2,29.7,51.35,Imola1
2024-08-06,21:00:00,27.01,26.5,28.0,56.68,Imola1
2024-08-06,22:00:00,26.05,25.2,26.9,59.47,Imola1
2024-08-06,23:00:00,24.97,24.7,25.3,64.05,Imola1
2024-08-07,00:00:00,24.03,23.3,24.7,70.34,Imola1
2024-08-07,01:00:00,23.02,22.9,23.3,75.33,Imola1
2024-08-07,02:00:00,23.11,22.9,23.3,74.9,Imola1
2024-08-07,03:00:00,22.78,22.4,23.2,75.56,Imola1
2024-08-07,04:00:00,22.63,22.3,22.9,76.61,Imola1
2024-08-07,05:00:00,22.23,21.8,22.7,78.91,Imola1
2024-08-07,06:00:00,22.07,21.8,22.3,80.26,Imola1
2024-08-07,07:00:00,22.37,22.0,22.9,80.86,Imola1
2024-08-07,08:00:00,24.62,23.1,26.3,73.15,Imola1
2024-08-07,09:00:00,28.23,26.6,29.7,60.75,Imola1
2024-08-07,10:00:00,31.4,30.1,33.1,50.31,Imola1
2024-08-07,11:00:00,33.88,33.4,34.4,42.66,Imola1
2024-08-07,12:00:00,35.28,34.4,36.5,40.38,Imola1
2024-08-07,13:00:00,36.61,35.4,37.4,37.89,Imola1
2024-08-07,14:00:00,35.15,34.2,36.5,40.25,Imola1
2024-08-07,15:00:00,37.42,36.2,38.1,36.86,Imola1
2024-08-07,16:00:00,33.85,32.8,35.1,43.47,Imola1
2024-08-07,17:00:00,32.13,30.9,34.9,46.82,Imola1
2024-08-07,18:00:00,30.19,29.5,30.8,52.28,Imola1
2024-08-07,19:00:00,28.73,28.2,29.4,57.4,Imola1
2024-08-07,20:00:00,26.86,22.1,28.2,62.71,Imola1
2024-08-07,21:00:00,19.7,19.1,21.4,92.55,Imola1
2024-08-07,22:00:00,19.45,19.3,19.5,98.14,Imola1
2024-08-07,23:00:00,19.3,19.2,19.4,98.51,Imola1
2024-08-08,00:00:00,19.38,19.2,19.7,96.39,Imola1
2024-08-08,01:00:00,19.58,19.1,19.8,92.96,Imola1
2024-08-08,02:00:00,19.06,18.9,19.5,94.7,Imola1
2024-08-08,03:00:00,18.87,18.7,19.4,94.29,Imola1
2024-08-08,04:00:00,18.35,18.0,18.7,94.76,Imola1
2024-08-08,05:00:00,18.0,17.8,18.2,94.72,Imola1
2024-08-08,06:00:00,17.86,17.6,18.2,93.22,Imola1
2024-08-08,07:00:00,18.44,18.2,19.0,88.77,Imola1
2024-08-08,08:00:00,20.92,19.2,23.0,80.56,Imola1
2024-08-08,09:00:00,24.78,23.0,26.2,68.1,Imola1
2024-08-08,10:00:00,28.25,26.3,30.4,55.96,Imola1
2024-08-08,11:00:00,30.58,30.3,31.0,49.12,Imola1
2024-08-08,12:00:00,31.67,31.1,32.0,45.77,Imola1
2024-08-08,13:00:00,32.47,31.9,33.1,44.34,Imola1
2024-08-08,14:00:00,33.63,33.2,34.0,42.86,Imola1
2024-08-08,15:00:00,34.32,34.0,34.9,40.32,Imola1
2024-08-08,16:00:00,34.89,34.6,35.1,38.19,Imola1
2024-08-08,17:00:00,34.64,34.4,35.0,37.66,Imola1
2024-08-08,18:00:00,34.35,34.0,34.7,39.06,Imola1
2024-08-08,19:00:00,33.39,32.5,33.9,41.41,Imola1
2024-08-08,20:00:00,30.93,28.6,32.4,47.45,Imola1
2024-08-08,21:00:00,27.06,26.6,28.1,61.48,Imola1
2024-08-08,22:00:00,25.88,25.1,26.6,68.62,Imola1
2024-08-08,23:00:00,24.35,23.8,25.0,72.66,Imola1
2024-08-09,00:00:00,23.42,23.1,23.6,78.05,Imola1
2024-08-09,01:00:00,22.6,22.2,23.1,80.35,Imola1
2024-08-09,02:00:00,22.02,21.8,22.4,82.28,Imola1
2024-08-09,03:00:00,21.51,21.3,21.7,84.65,Imola1
2024-08-09,04:00:00,21.81,21.3,22.3,81.68,Imola1
2024-08-09,05:00:00,21.58,21.0,22.1,81.68,Imola1
2024-08-09,06:00:00,21.03,20.5,21.3,84.13,Imola1
2024-08-09,07:00:00,20.82,20.5,21.5,86.63,Imola1
2024-08-09,08:00:00,23.24,21.7,25.1,77.69,Imola1
2024-08-09,09:00:00,27.14,25.5,28.0,64.58,Imola1
2024-08-09,10:00:00,30.33,28.3,31.8,56.24,Imola1
2024-08-09,11:00:00,32.46,31.8,33.2,48.04,Imola1
2024-08-09,12:00:00,33.92,33.2,34.6,40.98,Imola1
2024-08-09,13:00:00,34.92,34.5,35.4,37.95,Imola1
2024-08-09,14:00:00,36.19,35.1,36.9,32.93,Imola1
2024-08-09,15:00:00,36.92,36.6,37.3,32.35,Imola1
2024-08-09,16:00:00,36.81,36.6,37.0,33.62,Imola1
2024-08-09,17:00:00,36.16,35.5,36.7,39.16,Imola1
2024-08-09,18:00:00,34.4,33.8,35.3,43.19,Imola1
2024-08-09,19:00:00,32.55,31.8,33.6,45.2,Imola1
2024-08-09,20:00:00,30.41,28.9,31.7,49.54,Imola1
2024-08-09,21:00:00,27.57,26.4,28.7,57.92,Imola1
2024-08-09,22:00:00,25.62,25.3,26.1,65.31,Imola1
2024-08-09,23:00:00,24.89,24.8,25.1,69.48,Imola1
2024-08-10,00:00:00,24.94,24.7,25.4,72.45,Imola1
2024-08-10,01:00:00,24.38,24.1,24.8,74.55,Imola1
2024-08-10,02:00:00,23.9,23.5,24.6,76.61,Imola1
2024-08-10,03:00:00,23.97,23.0,24.5,74.75,Imola1
2024-08-10,04:00:00,23.15,23.0,23.3,75.87,Imola1
2024-08-10,05:00:00,22.45,22.0,23.0,77.22,Imola1
2024-08-10,06:00:00,22.16,21.9,22.8,77.13,Imola1
2024-08-10,07:00:00,22.27,21.9,23.4,75.85,Imola1
2024-08-10,08:00:00,24.87,23.5,26.3,68.27,Imola1
2024-08-10,09:00:00,28.67,26.7,30.1,58.31,Imola1
2024-08-10,10:00:00,31.79,30.3,32.8,50.96,Imola1
2024-08-10,11:00:00,33.67,32.9,34.5,43.07,Imola1
2024-08-10,12:00:00,35.71,34.8,36.3,37.66,Imola1
2024-08-10,13:00:00,36.35,36.1,36.9,36.77,Imola1
2024-08-10,14:00:00,36.99,36.6,37.3,35.74,Imola1
2024-08-10,15:00:00,37.12,36.9,37.3,35.05,Imola1
2024-08-10,16:00:00,37.4,37.1,37.7,33.72,Imola1
2024-08-10,17:00:00,37.19,36.3,37.7,34.77,Imola1
2024-08-10,18:00:00,35.74,34.8,36.3,39.28,Imola1
2024-08-10,19:00:00,34.0,32.8,34.9,40.22,Imola1
2024-08-10,20:00:00,31.12,29.5,32.6,46.75,Imola1
2024-08-10,21:00:00,28.45,27.5,29.2,52.76,Imola1
2024-08-10,22:00:00,26.59,26.1,27.2,58.48,Imola1
2024-08-10,23:00:00,25.36,24.7,26.0,65.84,Imola1
2024-08-11,00:00:00,24.84,24.7,25.1,69.46,Imola1
2024-08-11,01:00:00,24.85,24.6,25.2,69.25,Imola1
2024-08-11,02:00:00,24.38,24.0,25.2,70.93,Imola1
2024-08-11,03:00:00,24.72,24.0,25.2,68.77,Imola1
2024-08-11,04:00:00,24.08,23.9,24.2,70.63,Imola1
2024-08-11,05:00:00,23.37,22.8,24.1,72.85,Imola1
2024-08-11,06:00:00,22.59,21.8,23.4,75.78,Imola1
2024-08-11,07:00:00,22.24,21.8,22.6,78.56,Imola1
2024-08-11,08:00:00,24.62,22.8,27.0,71.78,Imola1
2024-08-11,09:00:00,29.08,27.4,30.7,55.65,Imola1
2024-08-11,10:00:00,32.67,31.1,34.1,42.23,Imola1
2024-08-11,11:00:00,34.57,33.9,35.6,38.52,Imola1
2024-08-11,12:00:00,36.23,35.5,37.2,34.58,Imola1
2024-08-11,13:00:00,37.33,36.9,37.9,30.65,Imola1
2024-08-11,14:00:00,38.05,37.8,38.4,29.35,Imola1
2024-08-11,15:00:00,38.44,38.1,38.8,30.44,Imola1
2024-08-11,16:00:00,38.25,37.7,38.8,30.03,Imola1
2024-08-11,17:00:00,37.65,36.9,38.4,32.2,Imola1
2024-08-11,18:00:00,35.68,34.4,36.8,40.79,Imola1
2024-08-11,19:00:00,33.67,33.2,34.3,40.0,Imola1
2024-08-11,20:00:00,31.72,30.1,33.2,44.27,Imola1
2024-08-11,21:00:00,28.6,27.5,29.9,53.03,Imola1
2024-08-11,22:00:00,26.95,26.3,27.6,58.6,Imola1
2024-08-11,23:00:00,26.01,25.7,26.3,64.96,Imola1
2024-08-12,00:00:00,25.89,25.7,26.0,65.47,Imola1
2024-08-12,01:00:00,25.97,25.7,26.3,64.28,Imola1
2024-08-12,02:00:00,25.71,25.2,25.9,64.55,Imola1
2024-08-12,03:00:00,23.75,23.0,24.9,71.44,Imola1
2024-08-12,04:00:00,22.98,22.8,23.1,74.22,Imola1
2024-08-12,05:00:00,22.84,22.3,23.5,73.78,Imola1
2024-08-12,06:00:00,23.17,22.6,23.6,70.92,Imola1
2024-08-12,07:00:00,22.93,22.5,23.5,71.65,Imola1
2024-08-12,08:00:00,25.15,23.7,27.0,65.52,Imola1
2024-08-12,09:00:00,29.43,27.5,31.4,53.53,Imola1
2024-08-12,10:00:00,33.35,31.9,34.6,43.17,Imola1
2024-08-12,11:00:00,35.03,34.5,35.3,38.71,Imola1
2024-08-12,12:00:00,36.66,35.6,37.2,34.99,Imola1
2024-08-12,13:00:00,38.06,37.4,38.4,31.27,Imola1
2024-08-12,14:00:00,38.75,38.4,39.1,29.48,Imola1
2024-08-12,15:00:00,39.54,39.2,39.9,28.48,Imola1
2024-08-12,16:00:00,39.82,39.6,40.1,27.94,Imola1
2024-08-12,17:00:00,37.98,36.0,39.7,30.79,Imola1
2024-08-12,18:00:00,34.98,34.2,35.8,36.1,Imola1
2024-08-12,19:00:00,32.97,32.1,34.0,40.45,Imola1
2024-08-12,20:00:00,31.18,29.9,31.9,44.35,Imola1
2024-08-12,21:00:00,28.91,27.9,29.8,49.95,Imola1
2024-08-12,22:00:00,27.67,27.4,28.0,57.14,Imola1
2024-08-12,23:00:00,27.22,26.9,27.5,59.02,Imola1
2024-08-13,00:00:00,26.39,26.0,26.9,61.02,Imola1
2024-08-13,01:00:00,26.0,25.9,26.1,61.12,Imola1
2024-08-13,02:00:00,25.93,25.5,26.2,60.76,Imola1
2024-08-13,03:00:00,25.38,25.0,25.6,62.27,Imola1
2024-08-13,04:00:00,24.45,24.1,24.8,65.45,Imola1
2024-08-13,05:00:00,23.96,23.0,24.4,67.38,Imola1
2024-08-13,06:00:00,22.84,22.7,23.0,71.85,Imola1
2024-08-13,07:00:00,23.59,23.3,24.0,69.05,Imola1
2024-08-13,08:00:00,25.18,23.6,27.4,65.16,Imola1
2024-08-13,09:00:00,29.93,28.0,31.3,51.43,Imola1
2024-08-13,10:00:00,33.44,31.6,34.8,44.75,Imola1
2024-08-13,11:00:00,35.19,34.6,36.2,41.63,Imola1
2024-08-13,12:00:00,36.88,35.9,37.7,37.45,Imola1
2024-08-13,13:00:00,34.77,34.2,37.2,41.68,Imola1
2024-08-13,14:00:00,37.44,34.6,39.7,35.98,Imola1
2024-08-13,15:00:00,39.27,39.0,39.4,30.66,Imola1
2024-08-13,16:00:00,37.37,36.7,38.5,34.55,Imola1
2024-08-13,17:00:00,37.34,37.0,37.8,37.26,Imola1
2024-08-13,18:00:00,34.38,31.1,37.7,39.31,Imola1
2024-08-13,19:00:00,30.14,29.2,31.0,43.0,Imola1
2024-08-13,20:00:00,29.16,28.8,29.8,49.48,Imola1
2024-08-13,21:00:00,28.18,26.8,29.1,54.95,Imola1
2024-08-13,22:00:00,26.67,26.3,27.3,61.85,Imola1
2024-08-13,23:00:00,25.32,24.5,26.9,69.65,Imola1
2024-08-14,00:00:00,26.33,26.0,26.6,58.77,Imola1
2024-08-14,01:00:00,26.52,26.2,26.7,54.74,Imola1
2024-08-14,02:00:00,26.53,26.3,26.9,54.46,Imola1
2024-08-14,03:00:00,26.69,26.6,26.8,54.2,Imola1
2024-08-14,04:00:00,25.38,23.9,26.7,59.29,Imola1
2024-08-14,05:00:00,23.11,22.8,23.5,67.37,Imola1
2024-08-14,06:00:00,22.81,22.6,22.9,69.69,Imola1
2024-08-14,07:00:00,23.35,22.6,24.2,66.57,Imola1
2024-08-14,08:00:00,25.65,24.5,27.4,58.88,Imola1
2024-08-14,09:00:00,29.38,27.8,31.4,51.05,Imola1
2024-08-14,10:00:00,34.05,31.8,36.0,40.76,Imola1
2024-08-14,11:00:00,35.81,35.2,36.8,35.27,Imola1
2024-08-14,12:00:00,37.55,37.0,37.9,32.35,Imola1
2024-08-14,13:00:00,38.38,38.0,39.0,32.12,Imola1
2024-08-14,14:00:00,39.05,38.6,39.6,30.45,Imola1
2024-08-14,15:00:00,37.18,35.9,39.3,32.06,Imola1
2024-08-14,16:00:00,35.83,33.3,38.1,36.1,Imola1
2024-08-14,17:00:00,28.15,25.6,32.7,71.42,Imola1
2024-08-14,18:00:00,28.21,27.2,29.7,69.42,Imola1
2024-08-14,19:00:00,26.67,26.5,27.1,65.34,Imola1
2024-08-14,20:00:00,27.14,26.8,27.3,63.31,Imola1
2024-08-14,21:00:00,26.21,25.7,26.6,63.74,Imola1
2024-08-14,22:00:00,25.41,24.5,25.9,62.69,Imola1
2024-08-14,23:00:00,24.17,24.0,24.3,66.1,Imola1
2024-08-15,00:00:00,24.5,24.2,24.8,62.48,Imola1
2024-08-15,01:00:00,23.69,23.4,24.0,68.68,Imola1
2024-08-15,02:00:00,23.05,22.6,23.3,74.24,Imola1
2024-08-15,03:00:00,21.88,21.5,22.4,81.88,Imola1
2024-08-15,04:00:00,21.63,21.5,21.8,83.44,Imola1
2024-08-15,05:00:00,21.3,21.1,21.5,85.04,Imola1
2024-08-15,06:00:00,20.89,20.5,21.5,86.94,Imola1
2024-08-15,07:00:00,21.26,20.6,21.9,85.95,Imola1
2024-08-15,08:00:00,23.35,22.0,25.0,78.93,Imola1
2024-08-15,09:00:00,26.98,25.3,28.4,64.83,Imola1
2024-08-15,10:00:00,29.67,28.8,30.5,54.75,Imola1
2024-08-15,11:00:00,31.37,30.5,32.1,49.09,Imola1
2024-08-15,12:00:00,33.22,32.5,33.8,44.58,Imola1
2024-08-15,13:00:00,33.89,33.6,34.2,43.8,Imola1
2024-08-15,14:00:00,33.35,33.1,33.7,45.21,Imola1
2024-08-15,15:00:00,32.97,32.4,33.5,44.86,Imola1
2024-08-15,16:00:00,31.34,30.9,32.1,49.06,Imola1
2024-08-15,17:00:00,30.52,30.2,30.8,50.79,Imola1
2024-08-15,18:00:00,29.42,28.9,30.2,52.29,Imola1
2024-08-15,19:00:00,28.62,28.2,28.9,54.29,Imola1
2024-08-15,20:00:00,27.37,26.9,28.1,56.39,Imola1
2024-08-15,21:00:00,25.88,25.5,26.7,61.02,Imola1
2024-08-15,22:00:00,25.17,24.8,25.5,66.17,Imola1
2024-08-15,23:00:00,25.19,24.8,25.3,68.14,Imola1
2024-08-16,00:00:00,24.96,24.7,25.2,70.95,Imola1
2024-08-16,01:00:00,24.95,24.8,25.1,71.5,Imola1
2024-08-16,02:00:00,24.25,24.0,24.7,74.12,Imola1
2024-08-16,03:00:00,24.11,23.8,24.4,75.34,Imola1
2024-08-16,04:00:00,22.91,22.5,23.6,80.85,Imola1
2024-08-16,05:00:00,22.73,22.0,23.2,81.85,Imola1
2024-08-16,06:00:00,21.94,21.9,22.0,85.54,Imola1
2024-08-16,07:00:00,22.05,21.9,22.5,85.7,Imola1
2024-08-16,08:00:00,23.95,22.7,25.6,79.18,Imola1
2024-08-16,09:00:00,27.92,25.9,29.4,64.18,Imola1
2024-08-16,10:00:00,30.45,29.4,31.2,54.29,Imola1
2024-08-16,11:00:00,32.0,31.4,32.5,49.55,Imola1
2024-08-16,12:00:00,32.15,31.9,32.6,48.74,Imola1
2024-08-16,13:00:00,32.61,32.1,34.2,47.16,Imola1
2024-08-16,14:00:00,34.8,34.0,35.7,42.64,Imola1
2024-08-16,15:00:00,35.48,34.8,36.1,40.97,Imola1
2024-08-16,16:00:00,36.46,35.9,37.0,39.14,Imola1
2024-08-16,17:00:00,35.02,31.5,36.5,41.2,Imola1
2024-08-16,18:00:00,31.33,30.1,32.7,47.85,Imola1
2024-08-16,19:00:00,31.77,30.0,32.8,50.04,Imola1
2024-08-16,20:00:00,28.78,27.9,29.6,55.76,Imola1
2024-08-16,21:00:00,27.31,27.0,27.7,53.68,Imola1
2024-08-16,22:00:00,26.42,26.0,27.0,64.26,Imola1
2024-08-16,23:00:00,25.75,25.3,26.0,67.61,Imola1
2024-08-17,00:00:00,24.96,24.5,25.2,71.49,Imola1
2024-08-17,01:00:00,24.62,24.0,25.5,69.9,Imola1
2024-08-17,02:00:00,24.87,24.2,25.5,64.85,Imola1
2024-08-17,03:00:00,24.69,23.9,25.2,62.05,Imola1
2024-08-17,04:00:00,24.1,24.0,24.3,64.46,Imola1
2024-08-17,05:00:00,23.95,23.8,24.1,65.71,Imola1
2024-08-17,06:00:00,23.8,23.6,24.0,67.67,Imola1
2024-08-17,07:00:00,23.64,23.5,24.1,70.19,Imola1
2024-08-17,08:00:00,25.4,24.2,26.9,64.06,Imola1
2024-08-17,09:00:00,28.85,27.4,30.2,53.49,Imola1
2024-08-17,10:00:00,32.55,30.5,34.1,43.46,Imola1
2024-08-17,11:00:00,33.95,33.5,34.7,39.24,Imola1
2024-08-17,12:00:00,35.51,34.7,36.1,36.82,Imola1
2024-08-17,13:00:00,35.82,34.5,36.6,34.52,Imola1
2024-08-17,14:00:00,33.49,32.7,34.3,39.58,Imola1
2024-08-17,15:00:00,34.54,33.1,35.7,37.03,Imola1
2024-08-17,16:00:00,29.38,21.7,33.4,53.32,Imola1
2024-08-17,17:00:00,20.88,20.5,22.0,95.8,Imola1
2024-08-17,18:00:00,24.15,22.3,25.4,93.45,Imola1
2024-08-17,19:00:00,24.8,24.5,25.1,91.04,Imola1
2024-08-17,20:00:00,23.81,22.7,24.6,94.31,Imola1
2024-08-17,21:00:00,22.09,21.6,22.5,95.42,Imola1
2024-08-17,22:00:00,21.84,21.4,22.3,88.99,Imola1
2024-08-17,23:00:00,22.14,21.6,22.8,83.72,Imola1
2024-08-18,00:00:00,23.21,22.5,24.0,77.9,Imola1
2024-08-18,01:00:00,23.39,22.8,23.8,75.0,Imola1
2024-08-18,02:00:00,23.45,23.2,23.7,73.68,Imola1
2024-08-18,03:00:00,23.05,22.9,23.2,75.25,Imola1
2024-08-18,04:00:00,22.62,22.3,23.0,79.09,Imola1
2024-08-18,05:00:00,23.02,22.8,23.2,76.85,Imola1
2024-08-18,06:00:00,22.5,22.0,22.8,76.91,Imola1
2024-08-18,07:00:00,22.38,21.8,23.2,76.88,Imola1
2024-08-18,08:00:00,24.47,23.3,26.1,70.95,Imola1
2024-08-18,09:00:00,26.72,26.2,27.4,61.48,Imola1
2024-08-18,10:00:00,26.75,26.2,27.5,58.35,Imola1
2024-08-18,11:00:00,26.26,26.1,26.5,63.09,Imola1
2024-08-18,12:00:00,28.83,26.7,31.2,54.53,Imola1
2024-08-18,13:00:00,31.85,30.5,32.6,46.01,Imola1
2024-08-18,14:00:00,32.36,31.8,32.9,43.12,Imola1
2024-08-18,15:00:00,32.15,30.7,33.3,42.47,Imola1
2024-08-18,16:00:00,29.33,28.3,30.4,47.43,Imola1
2024-08-18,17:00:00,26.47,25.6,28.1,65.69,Imola1
2024-08-18,18:00:00,26.03,25.8,26.3,68.75,Imola1
2024-08-18,19:00:00,26.01,25.3,26.4,68.72,Imola1
2024-08-18,20:00:00,24.09,23.2,25.2,74.79,Imola1
2024-08-18,21:00:00,22.96,22.8,23.1,70.43,Imola1
2024-08-18,22:00:00,22.78,22.4,23.0,69.53,Imola1
2024-08-18,23:00:00,21.91,21.7,22.2,73.28,Imola1
2024-08-19,00:00:00,22.02,21.8,22.3,72.62,Imola1
2024-08-19,01:00:00,21.45,21.2,21.7,75.35,Imola1
2024-08-19,02:00:00,20.8,20.6,21.1,77.85,Imola1
2024-08-19,03:00:00,20.58,20.2,21.0,78.64,Imola1
2024-08-19,04:00:00,20.6,20.2,20.9,79.4,Imola1
2024-08-19,05:00:00,19.95,19.8,20.1,80.94,Imola1
2024-08-19,06:00:00,19.53,19.2,19.8,81.76,Imola1
2024-08-19,07:00:00,19.14,19.0,19.2,84.09,Imola1
2024-08-19,08:00:00,19.75,19.0,20.6,83.53,Imola1
2024-08-19,09:00:00,20.51,20.2,20.7,82.95,Imola1
2024-08-19,10:00:00,18.79,18.3,20.0,96.1,Imola1
2024-08-19,11:00:00,18.95,18.5,19.8,99.35,Imola1
2024-08-19,12:00:00,20.93,20.1,22.0,95.65,Imola1
2024-08-19,13:00:00,22.14,21.5,22.6,89.39,Imola1
2024-08-19,14:00:00,22.73,21.8,23.3,88.63,Imola1
2024-08-19,15:00:00,23.23,22.8,24.0,83.16,Imola1
2024-08-19,16:00:00,24.23,24.0,24.6,78.4,Imola1
2024-08-19,17:00:00,24.65,24.1,25.0,75.1,Imola1
2024-08-19,18:00:00,23.69,23.2,24.1,80.87,Imola1
2024-08-19,19:00:00,23.96,23.6,24.2,78.95,Imola1
2024-08-19,20:00:00,22.51,21.8,23.4,86.99,Imola1
2024-08-19,21:00:00,21.65,21.6,21.7,94.23,Imola1
2024-08-19,22:00:00,21.62,21.5,21.7,94.63,Imola1
2024-08-19,23:00:00,21.05,20.8,21.4,95.55,Imola1
2024-08-20,00:00:00,20.85,20.8,21.1,95.74,Imola1
2024-08-20,01:00:00,20.79,20.7,20.9,96.3,Imola1
2024-08-20,02:00:00,20.59,20.5,20.6,98.0,Imola1
2024-08-20,03:00:00,20.54,20.4,20.7,97.81,Imola1
2024-08-20,04:00:00,20.66,20.6,20.7,96.11,Imola1
2024-08-20,05:00:00,20.62,20.5,20.7,97.15,Imola1
2024-08-20,06:00:00,20.46,20.4,20.5,98.25,Imola1
2024-08-20,07:00:00,20.64,20.5,20.8,96.82,Imola1
2024-08-20,08:00:00,21.22,20.8,22.1,94.54,Imola1
2024-08-20,09:00:00,22.76,22.4,23.4,87.67,Imola1
2024-08-20,10:00:00,22.83,22.4,23.7,87.98,Imola1
2024-08-20,11:00:00,23.94,22.6,25.4,86.92,Imola1
2024-08-20,12:00:00,25.78,25.4,26.5,79.56,Imola1
2024-08-20,13:00:00,26.23,25.6,26.8,75.62,Imola1
2024-08-20,14:00:00,26.06,24.7,28.4,77.08,Imola1
2024-08-20,15:00:00,23.81,22.5,27.2,89.41,Imola1
2024-08-20,16:00:00,23.73,23.2,24.7,90.85,Imola1
2024-08-20,17:00:00,26.5,25.2,27.5,79.36,Imola1
2024-08-20,18:00:00,26.61,25.8,27.8,73.71,Imola1
2024-08-20,19:00:00,24.47,24.0,25.5,80.85,Imola1
2024-08-20,20:00:00,23.62,22.5,24.5,84.91,Imola1
2024-08-20,21:00:00,22.41,22.2,22.6,90.82,Imola1
2024-08-20,22:00:00,22.28,22.1,22.4,90.94,Imola1
2024-08-20,23:00:00,21.99,21.9,22.1,89.63,Imola1
2024-08-21,00:00:00,21.77,21.6,22.0,89.04,Imola1
2024-08-21,01:00:00,21.51,21.4,21.7,89.19,Imola1
2024-08-21,02:00:00,21.29,21.2,21.4,89.14,Imola1
2024-08-21,03:00:00,21.23,21.2,21.3,88.53,Imola1
2024-08-21,04:00:00,21.25,21.2,21.3,87.48,Imola1
2024-08-21,05:00:00,20.97,20.9,21.1,88.05,Imola1
2024-08-21,06:00:00,21.02,20.9,21.1,87.31,Imola1
2024-08-21,07:00:00,21.28,21.1,21.5,86.24,Imola1
2024-08-21,08:00:00,22.58,21.5,23.8,82.25,Imola1
2024-08-21,09:00:00,25.35,24.1,26.9,74.07,Imola1
2024-08-21,10:00:00,28.78,27.2,29.7,63.69,Imola1
2024-08-21,11:00:00,30.87,30.0,31.8,55.8,Imola1
2024-08-21,12:00:00,32.18,31.9,32.8,50.74,Imola1
2024-08-21,13:00:00,32.94,32.7,33.1,47.74,Imola1
2024-08-21,14:00:00,32.92,32.1,33.5,46.01,Imola1
2024-08-21,15:00:00,33.24,32.6,33.6,45.24,Imola1
2024-08-21,16:00:00,33.54,33.4,33.7,42.59,Imola1
2024-08-21,17:00:00,33.39,33.1,33.7,43.51,Imola1
2024-08-21,18:00:00,32.67,32.0,33.3,45.37,Imola1
2024-08-21,19:00:00,30.92,28.3,32.0,49.71,Imola1
2024-08-21,20:00:00,26.85,26.0,27.8,61.97,Imola1
2024-08-21,21:00:00,26.05,25.3,26.8,66.28,Imola1
2024-08-21,22:00:00,24.42,23.5,25.3,73.53,Imola1
2024-08-21,23:00:00,22.8,22.2,23.4,81.89,Imola1
2024-08-22,00:00:00,21.65,21.3,22.0,86.9,Imola1
2024-08-22,01:00:00,21.13,20.9,21.3,88.09,Imola1
2024-08-22,02:00:00,20.7,20.4,20.8,89.24,Imola1
2024-08-22,03:00:00,20.08,19.9,20.3,91.01,Imola1
2024-08-22,04:00:00,20.15,20.0,20.2,89.67,Imola1
2024-08-22,05:00:00,19.95,19.6,20.6,89.13,Imola1
2024-08-22,06:00:00,20.57,20.4,20.7,83.91,Imola1
2024-08-22,07:00:00,19.89,19.7,20.3,87.45,Imola1
2024-08-22,08:00:00,21.33,20.0,23.3,81.83,Imola1
2024-08-22,09:00:00,24.89,23.8,25.9,71.08,Imola1
2024-08-22,10:00:00,27.95,26.3,29.2,62.34,Imola1
2024-08-22,11:00:00,30.04,29.2,30.8,60.88,Imola1
2024-08-22,12:00:00,31.6,31.3,32.0,56.06,Imola1
2024-08-22,13:00:00,32.25,31.6,32.8,52.8,Imola1
2024-08-22,14:00:00,33.04,32.4,33.6,49.16,Imola1
2024-08-22,15:00:00,32.55,31.6,33.3,52.11,Imola1
2024-08-22,16:00:00,32.71,32.0,33.2,50.92,Imola1
2024-08-22,17:00:00,32.3,32.1,32.5,53.18,Imola1
2024-08-22,18:00:00,31.05,29.9,32.0,57.03,Imola1
2024-08-22,19:00:00,28.97,28.2,29.9,62.56,Imola1
2024-08-22,20:00:00,27.31,26.7,28.1,67.38,Imola1
2024-08-22,21:00:00,25.72,24.9,26.6,74.55,Imola1
2024-08-22,22:00:00,24.27,23.9,24.8,81.39,Imola1
2024-08-22,23:00:00,23.61,23.4,23.9,86.22,Imola1
2024-08-23,00:00:00,23.26,23.1,23.4,88.6,Imola1
2024-07-30,17:00:00,33.64,33.5,34.0,35.86,Imola2
2024-07-30,18:00:00,33.25,32.9,33.5,34.76,Imola2
2024-07-30,19:00:00,32.69,30.9,33.4,33.67,Imola2
2024-07-30,20:00:00,29.39,28.2,30.5,38.83,Imola2
2024-07-30,21:00:00,27.58,27.0,28.1,41.18,Imola2
2024-07-30,22:00:00,26.06,25.0,26.9,45.26,Imola2
2024-07-30,23:00:00,23.72,22.4,24.7,54.9,Imola2
2024-07-31,00:00:00,21.55,21.3,22.2,66.85,Imola2
2024-07-31,01:00:00,21.83,21.3,22.5,66.76,Imola2
2024-07-31,02:00:00,22.7,22.4,23.1,64.72,Imola2
2024-07-31,03:00:00,21.69,20.8,22.5,68.6,Imola2
2024-07-31,04:00:00,21.1,20.4,22.3,70.59,Imola2
2024-07-31,05:00:00,20.21,19.9,20.4,73.98,Imola2
2024-07-31,06:00:00,19.82,19.7,20.0,76.24,Imola2
2024-07-31,07:00:00,21.1,19.8,22.6,73.78,Imola2
2024-07-31,08:00:00,24.18,22.8,25.7,64.26,Imola2
2024-07-31,09:00:00,27.85,26.0,29.6,54.1,Imola2
2024-07-31,10:00:00,31.28,30.0,32.7,44.02,Imola2
2024-07-31,11:00:00,33.87,33.0,35.0,36.87,Imola2
2024-07-31,12:00:00,35.31,34.2,36.3,34.65,Imola2
2024-07-31,13:00:00,36.97,36.8,37.6,32.35,Imola2
2024-07-31,14:00:00,37.67,37.1,38.3,31.38,Imola2
2024-07-31,15:00:00,38.4,38.0,38.8,30.57,Imola2
2024-07-31,16:00:00,38.24,37.7,38.7,30.94,Imola2
2024-07-31,17:00:00,38.16,37.4,38.5,31.18,Imola2
2024-07-31,18:00:00,36.14,35.1,37.3,34.73,Imola2
2024-07-31,19:00:00,33.95,32.5,35.0,39.5,Imola2
2024-07-31,20:00:00,30.76,29.8,32.0,47.09,Imola2
2024-07-31,21:00:00,28.71,27.9,29.6,52.13,Imola2
2024-07-31,22:00:00,26.57,26.0,27.7,61.15,Imola2
2024-07-31,23:00:00,23.97,23.0,25.8,72.28,Imola2
2024-08-01,00:00:00,23.25,22.6,23.9,65.39,Imola2
2024-08-01,01:00:00,23.34,23.0,24.0,60.45,Imola2
2024-08-01,02:00:00,24.13,23.4,24.7,54.87,Imola2
2024-08-01,03:00:00,22.97,22.5,24.0,59.15,Imola2
2024-08-01,04:00:00,25.38,24.6,25.7,52.04,Imola2
2024-08-01,05:00:00,25.74,25.5,26.0,52.67,Imola2
2024-08-01,06:00:00,24.81,24.1,25.6,58.3,Imola2
2024-08-01,07:00:00,24.27,24.0,24.8,65.17,Imola2
2024-08-01,08:00:00,26.58,25.0,27.9,59.24,Imola2
2024-08-01,09:00:00,29.64,28.3,31.2,51.88,Imola2
2024-08-01,10:00:00,32.39,31.4,33.3,47.2,Imola2
2024-08-01,11:00:00,34.77,33.9,35.3,43.74,Imola2
2024-08-01,12:00:00,36.76,35.7,37.5,40.55,Imola2
2024-08-01,13:00:00,38.22,37.7,38.9,37.43,Imola2
2024-08-01,14:00:00,39.26,38.4,39.9,32.91,Imola2
2024-08-01,15:00:00,39.63,39.1,40.0,31.56,Imola2
2024-08-01,16:00:00,39.51,39.2,39.9,31.42,Imola2
2024-08-01,17:00:00,38.3,37.5,38.8,33.45,Imola2
2024-08-01,18:00:00,37.15,36.4,37.6,29.79,Imola2
2024-08-01,19:00:00,35.22,34.1,36.1,24.28,Imola2
2024-08-01,20:00:00,33.33,32.5,34.0,24.05,Imola2
2024-08-01,21:00:00,31.48,30.9,32.4,26.9,Imola2
2024-08-01,22:00:00,30.25,29.8,30.8,29.15,Imola2
2024-08-01,23:00:00,29.05,28.3,29.7,30.67,Imola2
2024-08-02,00:00:00,27.0,25.7,28.2,55.43,Imola2
2024-08-02,01:00:00,25.14,24.2,25.7,75.31,Imola2
2024-08-02,02:00:00,23.1,22.5,24.0,84.02,Imola2
2024-08-02,03:00:00,21.98,21.4,22.5,89.83,Imola2
2024-08-02,04:00:00,21.27,21.1,21.5,93.05,Imola2
2024-08-02,05:00:00,21.02,20.9,21.1,90.95,Imola2
2024-08-02,06:00:00,20.55,20.2,20.9,84.4,Imola2
2024-08-02,07:00:00,20.87,20.2,21.9,90.46,Imola2
2024-08-02,08:00:00,23.38,22.2,24.4,81.67,Imola2
2024-08-02,09:00:00,26.01,24.7,26.8,71.96,Imola2
2024-08-02,10:00:00,28.73,27.1,30.1,59.94,Imola2
2024-08-02,11:00:00,31.26,30.4,32.2,49.08,Imola2
2024-08-02,12:00:00,33.57,32.7,34.4,43.03,Imola2
2024-08-02,13:00:00,35.04,34.6,35.7,40.38,Imola2
2024-08-02,14:00:00,36.16,35.6,36.6,38.88,Imola2
2024-08-02,15:00:00,36.51,36.1,37.2,38.68,Imola2
2024-08-02,16:00:00,36.93,36.3,37.3,38.02,Imola2
2024-08-02,17:00:00,33.25,31.7,35.5,50.3,Imola2
2024-08-02,18:00:00,32.53,31.6,33.1,54.67,Imola2
2024-08-02,19:00:00,30.13,29.3,31.4,60.46,Imola2
2024-08-02,20:00:00,28.56,27.8,29.2,65.2,Imola2
2024-08-02,21:00:00,26.93,26.3,27.6,71.03,Imola2
2024-08-02,22:00:00,25.61,25.3,26.1,75.91,Imola2
2024-08-02,23:00:00,24.74,24.4,25.3,78.48,Imola2
2024-08-03,00:00:00,23.88,23.5,24.4,82.83,Imola2
2024-08-03,01:00:00,23.58,23.3,23.8,85.13,Imola2
2024-08-03,02:00:00,23.69,23.3,24.1,85.85,Imola2
2024-08-03,03:00:00,23.57,23.4,23.7,86.1,Imola2
2024-08-03,04:00:00,23.04,22.8,23.3,88.65,Imola2
2024-08-03,05:00:00,22.76,22.7,22.8,90.19,Imola2
2024-08-03,06:00:00,22.45,22.2,22.8,91.63,Imola2
2024-08-03,07:00:00,23.43,22.9,24.3,90.1,Imola2
2024-08-03,08:00:00,25.59,24.6,26.9,80.16,Imola2
2024-08-03,09:00:00,28.45,27.2,29.7,68.23,Imola2
2024-08-03,10:00:00,30.05,29.8,30.2,61.05,Imola2
2024-08-03,11:00:00,30.9,29.7,31.9,61.13,Imola2
2024-08-03,12:00:00,29.55,27.5,31.6,57.95,Imola2
2024-08-03,13:00:00,24.46,22.9,27.0,69.62,Imola2
2024-08-03,14:00:00,24.92,24.5,25.7,70.32,Imola2
2024-08-03,15:00:00,26.56,25.9,27.8,65.75,Imola2
2024-08-03,16:00:00,28.53,27.6,30.3,59.42,Imola2
2024-08-03,17:00:00,30.3,29.8,31.1,51.26,Imola2
2024-08-03,18:00:00,31.0,30.9,31.2,47.94,Imola2
2024-08-03,19:00:00,29.85,27.8,30.9,51.74,Imola2
2024-08-03,20:00:00,25.51,25.0,26.9,65.8,Imola2
2024-08-03,21:00:00,24.68,23.9,25.3,69.7,Imola2
2024-08-03,22:00:00,22.39,21.5,23.7,79.39,Imola2
2024-08-03,23:00:00,21.1,20.7,21.4,85.71,Imola2
2024-08-04,00:00:00,20.52,20.2,20.7,89.55,Imola2
2024-08-04,01:00:00,19.89,19.6,20.3,92.3,Imola2
2024-08-04,02:00:00,20.16,19.8,21.0,91.45,Imola2
2024-08-04,03:00:00,20.38,19.3,21.2,88.73,Imola2
2024-08-04,04:00:00,19.19,19.1,19.2,93.94,Imola2
2024-08-04,05:00:00,19.42,18.9,19.9,92.45,Imola2
2024-08-04,06:00:00,18.9,18.5,19.5,93.12,Imola2
2024-08-04,07:00:00,20.24,18.7,21.4,87.76,Imola2
2024-08-04,08:00:00,22.42,21.3,24.3,79.56,Imola2
2024-08-04,09:00:00,25.62,24.7,27.4,67.99,Imola2
2024-08-04,10:00:00,28.95,27.7,30.5,59.16,Imola2
2024-08-04,11:00:00,31.85,30.7,33.4,49.3,Imola2
2024-08-04,12:00:00,33.63,33.1,34.3,41.94,Imola2
2024-08-04,13:00:00,34.48,34.0,34.9,40.14,Imola2
2024-08-04,14:00:00,34.85,34.3,35.6,38.98,Imola2
2024-08-04,15:00:00,35.15,34.4,35.8,36.88,Imola2
2024-08-04,16:00:00,35.34,34.6,35.8,36.53,Imola2
2024-08-04,17:00:00,34.03,33.3,34.5,39.06,Imola2
2024-08-04,18:00:00,33.07,32.9,33.3,35.42,Imola2
2024-08-04,19:00:00,31.4,30.6,32.7,38.07,Imola2
2024-08-04,20:00:00,28.86,27.7,30.2,43.42,Imola2
2024-08-04,21:00:00,26.52,26.2,27.5,52.41,Imola2
2024-08-04,22:00:00,25.28,23.4,26.1,56.68,Imola2
2024-08-04,23:00:00,22.15,21.5,22.9,69.63,Imola2
2024-08-05,00:00:00,20.9,20.6,21.4,76.22,Imola2
2024-08-05,01:00:00,20.22,20.0,20.7,78.57,Imola2
2024-08-05,02:00:00,19.95,19.8,20.2,80.02,Imola2
2024-08-05,03:00:00,20.19,19.8,20.4,76.95,Imola2
2024-08-05,04:00:00,20.11,19.7,20.2,73.24,Imola2
2024-08-05,05:00:00,19.31,19.1,19.5,73.98,Imola2
2024-08-05,06:00:00,18.81,18.3,19.4,75.11,Imola2
2024-08-05,07:00:00,19.95,19.3,20.9,71.19,Imola2
2024-08-05,08:00:00,22.99,21.3,24.7,58.61,Imola2
2024-08-05,09:00:00,26.57,25.1,28.2,47.5,Imola2
2024-08-05,10:00:00,30.35,28.7,31.5,43.62,Imola2
2024-08-05,11:00:00,33.33,31.9,34.3,38.25,Imola2
2024-08-05,12:00:00,34.95,34.3,35.4,34.51,Imola2
2024-08-05,13:00:00,35.67,35.0,36.2,32.22,Imola2
2024-08-05,14:00:00,36.67,36.3,37.2,30.32,Imola2
2024-08-05,15:00:00,36.39,36.0,37.0,30.97,Imola2
2024-08-05,16:00:00,35.56,34.3,36.3,35.64,Imola2
2024-08-05,17:00:00,34.43,33.9,34.7,38.26,Imola2
2024-08-05,18:00:00,33.5,33.1,33.9,39.48,Imola2
2024-08-05,19:00:00,32.05,31.0,33.2,43.09,Imola2
2024-08-05,20:00:00,29.22,28.0,30.6,51.96,Imola2
2024-08-05,21:00:00,27.25,26.8,27.8,60.43,Imola2
2024-08-05,22:00:00,26.11,25.5,26.7,66.55,Imola2
2024-08-05,23:00:00,24.53,23.5,25.6,73.15,Imola2
2024-08-06,00:00:00,23.67,23.5,24.0,75.8,Imola2
2024-08-06,01:00:00,22.86,22.5,23.7,78.87,Imola2
2024-08-06,02:00:00,22.26,22.2,22.5,81.18,Imola2
2024-08-06,03:00:00,22.04,21.5,22.4,81.59,Imola2
2024-08-06,04:00:00,21.25,21.0,21.5,84.63,Imola2
2024-08-06,05:00:00,20.58,20.3,20.9,87.95,Imola2
2024-08-06,06:00:00,20.15,20.0,20.3,90.28,Imola2
2024-08-06,07:00:00,21.55,20.2,22.7,84.15,Imola2
2024-08-06,08:00:00,24.32,23.0,25.7,72.94,Imola2
2024-08-06,09:00:00,27.54,26.1,29.1,62.45,Imola2
2024-08-06,10:00:00,30.75,29.2,32.1,55.21,Imola2
2024-08-06,11:00:00,33.41,32.6,34.0,47.46,Imola2
2024-08-06,12:00:00,34.92,34.1,35.6,43.5,Imola2
2024-08-06,13:00:00,35.9,35.7,36.1,40.28,Imola2
2024-08-06,14:00:00,36.75,35.9,37.3,36.25,Imola2
2024-08-06,15:00:00,36.65,35.8,37.2,36.06,Imola2
2024-08-06,16:00:00,35.95,35.0,36.7,37.56,Imola2
2024-08-06,17:00:00,34.6,33.2,35.2,38.47,Imola2
2024-08-06,18:00:00,32.65,30.9,33.9,41.49,Imola2
2024-08-06,19:00:00,30.18,29.6,30.8,48.78,Imola2
2024-08-06,20:00:00,28.91,28.1,29.4,52.67,Imola2
2024-08-06,21:00:00,27.41,27.3,27.9,55.97,Imola2
2024-08-06,22:00:00,26.04,24.6,27.3,60.57,Imola2
2024-08-06,23:00:00,24.06,23.8,24.4,68.44,Imola2
2024-08-07,00:00:00,23.25,22.9,23.7,73.86,Imola2
2024-08-07,01:00:00,22.64,22.4,22.9,78.21,Imola2
2024-08-07,02:00:00,23.29,22.8,23.5,74.94,Imola2
2024-08-07,03:00:00,22.4,22.1,23.2,78.2,Imola2
2024-08-07,04:00:00,23.22,22.5,23.6,75.05,Imola2
2024-08-07,05:00:00,23.12,22.9,23.5,75.94,Imola2
2024-08-07,06:00:00,21.9,21.2,22.8,81.71,Imola2
2024-08-07,07:00:00,21.72,21.2,22.9,84.76,Imola2
2024-08-07,08:00:00,24.58,23.2,26.0,73.77,Imola2
2024-08-07,09:00:00,27.55,26.3,28.8,62.87,Imola2
2024-08-07,10:00:00,30.93,29.2,32.6,51.06,Imola2
2024-08-07,11:00:00,34.05,33.0,35.6,42.56,Imola2
2024-08-07,12:00:00,36.12,35.5,37.0,38.95,Imola2
2024-08-07,13:00:00,36.67,35.2,37.6,37.78,Imola2
2024-08-07,14:00:00,35.03,34.2,36.2,40.33,Imola2
2024-08-07,15:00:00,37.2,35.9,37.7,37.05,Imola2
2024-08-07,16:00:00,33.93,33.0,34.9,43.19,Imola2
2024-08-07,17:00:00,32.04,30.9,34.6,47.51,Imola2
2024-08-07,18:00:00,30.12,29.4,30.7,52.93,Imola2
2024-08-07,19:00:00,28.78,28.3,29.3,57.72,Imola2
2024-08-07,20:00:00,26.84,21.9,28.2,63.52,Imola2
2024-08-07,21:00:00,19.75,19.2,21.4,93.08,Imola2
2024-08-07,22:00:00,19.45,19.3,19.5,98.18,Imola2
2024-08-07,23:00:00,19.34,19.2,19.5,98.41,Imola2
2024-08-08,00:00:00,19.35,19.2,19.7,96.83,Imola2
2024-08-08,01:00:00,19.42,19.1,19.6,94.38,Imola2
2024-08-08,02:00:00,18.91,18.7,19.3,95.71,Imola2
2024-08-08,03:00:00,18.75,18.6,19.2,94.83,Imola2
2024-08-08,04:00:00,18.02,17.7,18.5,97.19,Imola2
2024-08-08,05:00:00,18.01,17.7,18.2,94.74,Imola2
2024-08-08,06:00:00,18.05,17.9,18.2,91.73,Imola2
2024-08-08,07:00:00,18.84,18.2,19.6,86.5,Imola2
2024-08-08,08:00:00,21.08,19.8,22.8,79.16,Imola2
2024-08-08,09:00:00,24.39,23.0,25.8,69.74,Imola2
2024-08-08,10:00:00,27.7,26.2,29.1,56.94,Imola2
2024-08-08,11:00:00,30.48,29.2,31.7,49.75,Imola2
2024-08-08,12:00:00,32.24,31.7,32.7,44.45,Imola2
2024-08-08,13:00:00,33.2,32.8,33.7,43.01,Imola2
2024-08-08,14:00:00,33.97,33.7,34.3,41.85,Imola2
2024-08-08,15:00:00,34.45,33.9,34.7,39.33,Imola2
2024-08-08,16:00:00,34.84,34.6,35.0,37.46,Imola2
2024-08-08,17:00:00,34.45,34.3,34.7,38.1,Imola2
2024-08-08,18:00:00,34.23,33.5,34.6,38.85,Imola2
2024-08-08,19:00:00,34.11,33.4,34.7,40.39,Imola2
2024-08-08,20:00:00,30.52,27.9,32.9,49.25,Imola2
2024-08-08,21:00:00,27.17,26.9,27.5,62.35,Imola2
2024-08-08,22:00:00,25.69,24.3,26.8,72.55,Imola2
2024-08-08,23:00:00,23.65,23.0,24.2,79.44,Imola2
2024-08-09,00:00:00,22.87,22.6,23.4,84.11,Imola2
2024-08-09,01:00:00,21.87,21.3,22.5,88.27,Imola2
2024-08-09,02:00:00,21.15,21.0,21.3,88.05,Imola2
2024-08-09,03:00:00,21.19,21.0,21.9,86.7,Imola2
2024-08-09,04:00:00,22.54,22.2,22.8,79.01,Imola2
2024-08-09,05:00:00,21.95,21.2,22.4,80.93,Imola2
2024-08-09,06:00:00,20.63,20.1,21.2,87.46,Imola2
2024-08-09,07:00:00,20.44,19.9,21.7,90.56,Imola2
2024-08-09,08:00:00,23.45,22.1,24.8,77.02,Imola2
2024-08-09,09:00:00,26.46,25.1,27.7,67.31,Imola2
2024-08-09,10:00:00,29.4,27.9,30.8,58.5,Imola2
2024-08-09,11:00:00,32.34,31.0,33.6,47.64,Imola2
2024-08-09,12:00:00,34.23,33.6,34.6,40.73,Imola2
2024-08-09,13:00:00,35.8,35.3,36.3,36.21,Imola2
2024-08-09,14:00:00,36.87,36.2,37.4,32.03,Imola2
2024-08-09,15:00:00,37.2,36.6,37.6,32.1,Imola2
2024-08-09,16:00:00,36.74,36.4,37.0,33.51,Imola2
2024-08-09,17:00:00,36.0,35.4,36.9,40.06,Imola2
2024-08-09,18:00:00,34.36,34.0,35.1,43.6,Imola2
2024-08-09,19:00:00,32.57,31.8,33.7,45.27,Imola2
2024-08-09,20:00:00,30.13,29.1,31.4,50.41,Imola2
2024-08-09,21:00:00,28.02,27.0,28.9,57.02,Imola2
2024-08-09,22:00:00,25.32,24.7,26.5,67.76,Imola2
2024-08-09,23:00:00,24.0,23.4,24.9,74.1,Imola2
2024-08-10,00:00:00,23.99,23.2,24.9,76.94,Imola2
2024-08-10,01:00:00,23.51,23.2,24.2,79.36,Imola2
2024-08-10,02:00:00,23.36,22.8,23.8,80.05,Imola2
2024-08-10,03:00:00,24.13,23.1,24.6,74.55,Imola2
2024-08-10,04:00:00,22.75,22.3,23.2,78.04,Imola2
2024-08-10,05:00:00,21.96,21.6,23.2,80.33,Imola2
2024-08-10,06:00:00,22.84,22.4,23.5,74.31,Imola2
2024-08-10,07:00:00,22.6,22.2,23.7,75.39,Imola2
2024-08-10,08:00:00,25.27,24.1,26.3,67.71,Imola2
2024-08-10,09:00:00,27.93,26.6,29.2,61.46,Imola2
2024-08-10,10:00:00,30.85,29.6,31.9,53.49,Imola2
2024-08-10,11:00:00,33.77,32.2,35.0,42.57,Imola2
2024-08-10,12:00:00,36.2,35.6,36.6,36.84,Imola2
2024-08-10,13:00:00,37.08,36.5,37.9,35.48,Imola2
2024-08-10,14:00:00,37.81,37.5,38.2,34.91,Imola2
2024-08-10,15:00:00,37.34,36.9,37.8,34.71,Imola2
2024-08-10,16:00:00,37.55,36.8,37.9,33.82,Imola2
2024-08-10,17:00:00,37.1,36.4,37.4,34.76,Imola2
2024-08-10,18:00:00,35.59,35.0,36.1,39.22,Imola2
2024-08-10,19:00:00,34.07,32.9,35.0,40.08,Imola2
2024-08-10,20:00:00,30.81,29.6,32.3,47.86,Imola2
2024-08-10,21:00:00,28.8,28.2,29.4,52.14,Imola2
2024-08-10,22:00:00,26.32,25.1,28.1,61.22,Imola2
2024-08-10,23:00:00,24.22,23.5,24.9,70.51,Imola2
2024-08-11,00:00:00,23.58,23.4,23.7,76.06,Imola2
2024-08-11,01:00:00,24.79,23.6,25.7,70.29,Imola2
2024-08-11,02:00:00,25.23,24.9,25.7,67.92,Imola2
2024-08-11,03:00:00,25.17,24.5,25.4,67.49,Imola2
2024-08-11,04:00:00,23.66,23.1,24.3,73.11,Imola2
2024-08-11,05:00:00,24.16,23.7,24.5,69.76,Imola2
2024-08-11,06:00:00,23.57,23.0,24.4,71.92,Imola2
2024-08-11,07:00:00,22.96,22.7,23.4,76.55,Imola2
2024-08-11,08:00:00,25.02,23.6,26.7,70.27,Imola2
2024-08-11,09:00:00,28.53,27.0,30.1,57.49,Imola2
2024-08-11,10:00:00,31.68,30.3,33.0,44.99,Imola2
2024-08-11,11:00:00,34.49,33.5,35.4,38.54,Imola2
2024-08-11,12:00:00,36.77,35.8,37.7,32.87,Imola2
2024-08-11,13:00:00,37.76,37.3,38.2,29.8,Imola2
2024-08-11,14:00:00,38.59,38.0,38.9,28.86,Imola2
2024-08-11,15:00:00,38.54,38.2,38.9,30.16,Imola2
2024-08-11,16:00:00,38.56,38.3,38.7,30.08,Imola2
2024-08-11,17:00:00,37.69,36.8,38.3,32.67,Imola2
2024-08-11,18:00:00,35.53,34.7,36.5,40.96,Imola2
2024-08-11,19:00:00,33.69,33.1,34.3,40.32,Imola2
2024-08-11,20:00:00,31.55,30.4,32.8,44.78,Imola2
2024-08-11,21:00:00,29.2,28.1,30.3,52.13,Imola2
2024-08-11,22:00:00,26.12,25.3,27.9,62.58,Imola2
2024-08-11,23:00:00,25.65,25.3,26.4,66.71,Imola2
2024-08-12,00:00:00,26.3,26.2,26.5,64.15,Imola2
2024-08-12,01:00:00,26.05,25.8,26.3,64.35,Imola2
2024-08-12,02:00:00,25.97,25.4,26.3,63.84,Imola2
2024-08-12,03:00:00,25.14,24.6,26.1,66.03,Imola2
2024-08-12,04:00:00,23.94,23.5,24.5,70.22,Imola2
2024-08-12,05:00:00,23.76,23.5,24.0,69.78,Imola2
2024-08-12,06:00:00,23.5,22.7,24.0,69.36,Imola2
2024-08-12,07:00:00,23.67,22.6,24.7,68.89,Imola2
2024-08-12,08:00:00,25.93,24.9,27.2,61.95,Imola2
2024-08-12,09:00:00,29.0,27.5,30.7,54.16,Imola2
2024-08-12,10:00:00,32.25,31.2,33.7,45.33,Imola2
2024-08-12,11:00:00,34.95,33.9,35.7,38.68,Imola2
2024-08-12,12:00:00,36.89,35.7,37.8,34.57,Imola2
2024-08-12,13:00:00,38.18,37.7,38.8,30.8,Imola2
2024-08-12,14:00:00,39.2,38.7,39.9,29.05,Imola2
2024-08-12,15:00:00,39.26,39.1,39.8,28.75,Imola2
2024-08-12,16:00:00,39.86,39.5,40.2,27.75,Imola2
2024-08-12,17:00:00,37.74,35.8,39.5,31.38,Imola2
2024-08-12,18:00:00,34.88,34.1,35.7,36.74,Imola2
2024-08-12,19:00:00,32.88,32.1,33.8,40.6,Imola2
2024-08-12,20:00:00,31.25,30.5,31.9,44.17,Imola2
2024-08-12,21:00:00,29.03,27.2,30.4,50.78,Imola2
2024-08-12,22:00:00,27.24,26.9,27.5,58.82,Imola2
2024-08-12,23:00:00,27.48,27.4,27.7,58.18,Imola2
2024-08-13,00:00:00,26.69,26.1,27.4,60.05,Imola2
2024-08-13,01:00:00,26.12,25.8,26.3,60.88,Imola2
2024-08-13,02:00:00,26.31,26.0,26.4,59.56,Imola2
2024-08-13,03:00:00,26.11,26.0,26.3,59.78,Imola2
2024-08-13,04:00:00,25.53,25.0,25.9,61.39,Imola2
2024-08-13,05:00:00,24.78,23.6,25.2,64.33,Imola2
2024-08-13,06:00:00,22.44,22.2,23.2,74.15,Imola2
2024-08-13,07:00:00,23.58,22.5,24.6,70.62,Imola2
2024-08-13,08:00:00,26.09,24.8,27.1,61.3,Imola2
2024-08-13,09:00:00,29.23,27.4,30.5,53.69,Imola2
2024-08-13,10:00:00,32.04,30.7,33.4,47.71,Imola2
2024-08-13,11:00:00,35.03,33.7,36.6,42.0,Imola2
2024-08-13,12:00:00,37.3,36.3,38.0,36.99,Imola2
2024-08-13,13:00:00,34.84,34.3,36.6,41.65,Imola2
2024-08-13,14:00:00,37.84,34.8,39.5,35.34,Imola2
2024-08-13,15:00:00,39.49,39.1,40.1,30.05,Imola2
2024-08-13,16:00:00,37.59,36.6,38.7,34.76,Imola2
2024-08-13,17:00:00,36.83,36.3,37.1,38.07,Imola2
2024-08-13,18:00:00,34.37,31.2,37.0,39.51,Imola2
2024-08-13,19:00:00,30.23,29.3,31.0,43.05,Imola2
2024-08-13,20:00:00,28.69,28.4,29.2,51.53,Imola2
2024-08-13,21:00:00,27.98,27.0,28.4,55.93,Imola2
2024-08-13,22:00:00,26.91,26.5,27.6,61.62,Imola2
2024-08-13,23:00:00,25.95,25.2,27.7,66.89,Imola2
2024-08-14,00:00:00,26.55,26.0,26.9,58.01,Imola2
2024-08-14,01:00:00,26.73,26.6,26.8,54.13,Imola2
2024-08-14,02:00:00,26.89,26.6,27.1,53.46,Imola2
2024-08-14,03:00:00,26.91,26.8,27.0,53.7,Imola2
2024-08-14,04:00:00,25.35,24.3,26.8,59.33,Imola2
2024-08-14,05:00:00,23.23,22.4,24.0,66.72,Imola2
2024-08-14,06:00:00,22.51,22.3,22.8,71.15,Imola2
2024-08-14,07:00:00,23.45,22.4,24.7,66.57,Imola2
2024-08-14,08:00:00,26.18,24.9,27.7,56.83,Imola2
2024-08-14,09:00:00,29.45,28.0,31.2,49.61,Imola2
2024-08-14,10:00:00,32.82,31.6,34.3,42.57,Imola2
2024-08-14,11:00:00,35.7,34.4,36.5,35.86,Imola2
2024-08-14,12:00:00,37.62,36.8,38.3,32.16,Imola2
2024-08-14,13:00:00,38.62,38.1,39.3,31.32,Imola2
2024-08-14,14:00:00,39.5,38.9,40.2,29.89,Imola2
2024-08-14,15:00:00,37.73,36.0,39.8,31.7,Imola2
2024-08-14,16:00:00,35.51,32.3,37.6,37.4,Imola2
2024-08-14,17:00:00,27.33,25.1,30.7,75.05,Imola2
2024-08-14,18:00:00,28.24,27.2,29.1,70.5,Imola2
2024-08-14,19:00:00,26.71,26.5,27.0,67.68,Imola2
2024-08-14,20:00:00,26.57,26.0,26.8,69.18,Imola2
2024-08-14,21:00:00,25.58,25.3,25.8,67.64,Imola2
2024-08-14,22:00:00,25.22,24.3,25.7,64.47,Imola2
2024-08-14,23:00:00,24.12,24.0,24.2,67.12,Imola2
2024-08-15,00:00:00,24.37,24.1,24.6,63.63,Imola2
2024-08-15,01:00:00,23.52,23.3,24.0,70.24,Imola2
2024-08-15,02:00:00,23.14,22.8,23.4,74.57,Imola2
2024-08-15,03:00:00,21.71,21.1,22.6,83.45,Imola2
2024-08-15,04:00:00,21.06,20.8,21.2,86.94,Imola2
2024-08-15,05:00:00,21.5,21.0,22.0,84.92,Imola2
2024-08-15,06:00:00,20.75,20.2,21.6,88.09,Imola2
2024-08-15,07:00:00,21.29,20.3,22.3,86.46,Imola2
2024-08-15,08:00:00,23.59,22.5,24.7,78.18,Imola2
2024-08-15,09:00:00,26.09,24.9,27.4,68.38,Imola2
2024-08-15,10:00:00,28.79,27.7,29.8,58.3,Imola2
2024-08-15,11:00:00,31.55,30.2,32.3,49.4,Imola2
2024-08-15,12:00:00,33.35,32.4,34.1,43.88,Imola2
2024-08-15,13:00:00,34.1,33.8,34.5,43.68,Imola2
2024-08-15,14:00:00,33.81,33.3,34.2,44.82,Imola2
2024-08-15,15:00:00,33.35,32.8,34.0,44.09,Imola2
2024-08-15,16:00:00,31.92,31.2,32.6,48.25,Imola2
2024-08-15,17:00:00,30.78,30.4,31.0,50.42,Imola2
2024-08-15,18:00:00,29.53,29.0,30.3,52.53,Imola2
2024-08-15,19:00:00,28.76,28.4,29.0,54.35,Imola2
2024-08-15,20:00:00,27.61,26.8,28.3,56.69,Imola2
2024-08-15,21:00:00,25.24,24.4,26.6,65.78,Imola2
2024-08-15,22:00:00,24.56,24.4,24.7,70.28,Imola2
2024-08-15,23:00:00,24.58,24.5,24.8,71.42,Imola2
2024-08-16,00:00:00,24.87,24.7,25.2,71.62,Imola2
2024-08-16,01:00:00,24.86,24.5,25.1,72.43,Imola2
2024-08-16,02:00:00,24.05,23.8,24.4,76.15,Imola2
2024-08-16,03:00:00,23.56,22.9,24.1,78.78,Imola2
2024-08-16,04:00:00,22.21,21.8,22.7,85.17,Imola2
2024-08-16,05:00:00,22.75,22.2,23.1,82.65,Imola2
2024-08-16,06:00:00,21.63,21.4,22.0,87.51,Imola2
2024-08-16,07:00:00,22.45,21.7,23.2,85.24,Imola2
2024-08-16,08:00:00,24.6,23.5,26.0,76.6,Imola2
2024-08-16,09:00:00,27.46,26.2,28.3,65.27,Imola2
2024-08-16,10:00:00,29.9,28.7,30.6,56.58,Imola2
2024-08-16,11:00:00,31.77,30.6,32.4,49.83,Imola2
2024-08-16,12:00:00,32.08,31.9,32.3,48.81,Imola2
2024-08-16,13:00:00,32.88,32.3,34.3,46.55,Imola2
2024-08-16,14:00:00,34.54,33.6,35.6,42.95,Imola2
2024-08-16,15:00:00,35.54,35.0,35.8,41.59,Imola2
2024-08-16,16:00:00,36.43,35.9,36.8,39.07,Imola2
2024-08-16,17:00:00,35.31,32.5,36.4,41.15,Imola2
2024-08-16,18:00:00,31.38,30.1,33.0,48.14,Imola2
2024-08-16,19:00:00,32.27,30.5,33.3,48.78,Imola2
2024-08-16,20:00:00,28.94,27.8,30.2,56.21,Imola2
2024-08-16,21:00:00,26.62,26.1,27.6,57.65,Imola2
2024-08-16,22:00:00,25.91,25.7,26.2,65.35,Imola2
2024-08-16,23:00:00,25.28,24.9,25.7,69.36,Imola2
2024-08-17,00:00:00,24.76,24.2,25.1,72.46,Imola2
2024-08-17,01:00:00,24.53,24.0,25.3,69.37,Imola2
2024-08-17,02:00:00,25.73,25.5,25.9,59.58,Imola2
2024-08-17,03:00:00,24.16,23.5,25.1,64.68,Imola2
2024-08-17,04:00:00,23.49,23.4,23.6,68.24,Imola2
2024-08-17,05:00:00,23.55,23.3,23.8,69.07,Imola2
2024-08-17,06:00:00,23.41,23.2,23.6,70.93,Imola2
2024-08-17,07:00:00,23.54,23.4,23.9,72.37,Imola2
2024-08-17,08:00:00,25.38,24.1,26.8,64.51,Imola2
2024-08-17,09:00:00,28.43,27.0,29.9,54.69,Imola2
2024-08-17,10:00:00,31.25,30.1,31.9,46.73,Imola2
2024-08-17,11:00:00,33.68,32.0,35.0,40.01,Imola2
2024-08-17,12:00:00,36.1,35.3,36.9,35.7,Imola2
2024-08-17,13:00:00,36.09,34.5,37.3,34.4,Imola2
2024-08-17,14:00:00,34.07,32.9,34.9,38.74,Imola2
2024-08-17,15:00:00,34.68,32.9,35.9,37.43,Imola2
2024-08-17,16:00:00,28.87,21.0,33.4,56.35,Imola2
2024-08-17,17:00:00,20.74,20.4,21.6,96.58,Imola2
2024-08-17,18:00:00,23.89,22.1,25.0,94.97,Imola2
2024-08-17,19:00:00,25.06,24.7,25.4,91.56,Imola2
2024-08-17,20:00:00,23.79,22.8,24.7,94.44,Imola2
2024-08-17,21:00:00,21.78,21.1,22.6,96.4,Imola2
2024-08-17,22:00:00,21.2,20.9,21.4,92.9,Imola2
2024-08-17,23:00:00,21.01,20.7,21.4,91.69,Imola2
2024-08-18,00:00:00,22.13,21.2,23.1,85.38,Imola2
2024-08-18,01:00:00,22.64,22.1,23.3,80.12,Imola2
2024-08-18,02:00:00,22.96,22.8,23.4,77.62,Imola2
2024-08-18,03:00:00,22.81,22.6,23.0,77.54,Imola2
2024-08-18,04:00:00,22.59,22.3,23.0,80.57,Imola2
2024-08-18,05:00:00,22.74,22.3,22.9,79.18,Imola2
2024-08-18,06:00:00,22.01,21.4,22.4,79.85,Imola2
2024-08-18,07:00:00,22.04,21.6,22.9,80.01,Imola2
2024-08-18,08:00:00,24.37,23.2,25.7,72.61,Imola2
2024-08-18,09:00:00,26.46,25.9,27.4,63.44,Imola2
2024-08-18,10:00:00,26.97,26.5,27.6,58.12,Imola2
2024-08-18,11:00:00,26.53,26.3,26.8,61.87,Imola2
2024-08-18,12:00:00,29.35,27.0,32.1,54.16,Imola2
2024-08-18,13:00:00,32.17,31.1,33.0,45.44,Imola2
2024-08-18,14:00:00,32.88,32.2,33.5,41.64,Imola2
2024-08-18,15:00:00,32.53,31.4,33.3,40.97,Imola2
2024-08-18,16:00:00,29.83,28.9,31.2,46.05,Imola2
2024-08-18,17:00:00,26.86,25.7,28.7,63.66,Imola2
2024-08-18,18:00:00,26.06,25.8,26.3,68.83,Imola2
2024-08-18,19:00:00,26.05,25.4,26.4,68.16,Imola2
2024-08-18,20:00:00,24.2,23.2,25.2,76.32,Imola2
2024-08-18,21:00:00,22.49,22.3,23.0,74.62,Imola2
2024-08-18,22:00:00,22.4,22.3,22.6,72.12,Imola2
2024-08-18,23:00:00,22.02,21.8,22.3,73.2,Imola2
2024-08-19,00:00:00,22.08,21.9,22.3,72.98,Imola2
2024-08-19,01:00:00,21.58,21.3,21.9,75.36,Imola2
2024-08-19,02:00:00,20.85,20.4,21.2,78.21,Imola2
2024-08-19,03:00:00,20.64,20.4,20.9,79.14,Imola2
2024-08-19,04:00:00,20.95,20.7,21.1,79.05,Imola2
2024-08-19,05:00:00,20.47,20.4,20.6,79.28,Imola2
2024-08-19,06:00:00,20.09,19.6,20.4,79.97,Imola2
2024-08-19,07:00:00,19.41,19.3,19.6,84.56,Imola2
2024-08-19,08:00:00,20.14,19.3,21.0,82.99,Imola2
2024-08-19,09:00:00,20.8,20.3,21.0,82.39,Imola2
2024-08-19,10:00:00,18.89,18.3,20.1,95.62,Imola2
2024-08-19,11:00:00,18.92,18.5,19.8,98.81,Imola2
2024-08-19,12:00:00,21.0,19.9,22.2,95.28,Imola2
2024-08-19,13:00:00,22.34,21.8,22.7,89.46,Imola2
2024-08-19,14:00:00,22.85,22.0,23.4,87.38,Imola2
2024-08-19,15:00:00,23.35,22.9,24.3,82.5,Imola2
2024-08-19,16:00:00,24.46,24.3,24.8,76.5,Imola2
2024-08-19,17:00:00,24.89,24.4,25.2,74.35,Imola2
2024-08-19,18:00:00,23.93,23.4,24.5,80.42,Imola2
2024-08-19,19:00:00,24.04,23.5,24.4,78.41,Imola2
2024-08-19,20:00:00,22.54,21.9,23.3,87.27,Imola2
2024-08-19,21:00:00,21.78,21.7,21.9,93.51,Imola2
2024-08-19,22:00:00,21.69,21.6,21.7,94.0,Imola2
2024-08-19,23:00:00,21.18,21.0,21.5,94.75,Imola2
2024-08-20,00:00:00,20.96,20.9,21.2,95.12,Imola2
2024-08-20,01:00:00,20.85,20.7,21.0,95.44,Imola2
2024-08-20,02:00:00,20.68,20.6,20.7,96.94,Imola2
2024-08-20,03:00:00,20.57,20.5,20.7,97.06,Imola2
2024-08-20,04:00:00,20.69,20.6,20.7,95.46,Imola2
2024-08-20,05:00:00,20.63,20.5,20.7,96.83,Imola2
2024-08-20,06:00:00,20.48,20.4,20.5,97.84,Imola2
2024-08-20,07:00:00,20.56,20.5,20.7,96.7,Imola2
2024-08-20,08:00:00,21.19,20.7,22.3,94.12,Imola2
2024-08-20,09:00:00,22.77,22.3,23.3,87.59,Imola2
2024-08-20,10:00:00,22.92,22.4,23.9,87.87,Imola2
2024-08-20,11:00:00,24.14,22.8,25.6,85.59,Imola2
2024-08-20,12:00:00,25.95,25.5,26.7,77.33,Imola2
2024-08-20,13:00:00,26.63,25.9,27.4,74.19,Imola2
2024-08-20,14:00:00,26.08,24.8,28.3,77.15,Imola2
2024-08-20,15:00:00,23.6,22.2,27.2,89.78,Imola2
2024-08-20,16:00:00,23.85,23.2,24.7,90.22,Imola2
2024-08-20,17:00:00,26.01,25.4,26.7,79.38,Imola2
2024-08-20,18:00:00,26.32,25.6,27.2,74.53,Imola2
2024-08-20,19:00:00,24.29,23.8,25.3,82.57,Imola2
2024-08-20,20:00:00,23.28,22.2,24.0,87.35,Imola2
2024-08-20,21:00:00,21.74,21.6,22.0,93.59,Imola2
2024-08-20,22:00:00,21.69,21.6,21.8,93.91,Imola2
2024-08-20,23:00:00,21.75,21.6,21.9,91.07,Imola2
2024-08-21,00:00:00,21.88,21.8,22.1,88.89,Imola2
2024-08-21,01:00:00,21.81,21.7,21.9,88.04,Imola2
2024-08-21,02:00:00,21.6,21.4,21.8,87.83,Imola2
2024-08-21,03:00:00,21.53,21.4,21.6,87.2,Imola2
2024-08-21,04:00:00,21.55,21.5,21.7,86.08,Imola2
2024-08-21,05:00:00,21.4,21.3,21.5,86.09,Imola2
2024-08-21,06:00:00,21.29,21.2,21.4,86.38,Imola2
2024-08-21,07:00:00,21.58,21.4,21.8,85.1,Imola2
2024-08-21,08:00:00,22.76,21.9,23.6,81.47,Imola2
2024-08-21,09:00:00,25.1,23.8,26.4,75.11,Imola2
2024-08-21,10:00:00,28.28,26.8,29.7,63.95,Imola2
2024-08-21,11:00:00,31.17,30.0,32.3,53.93,Imola2
2024-08-21,12:00:00,32.57,32.2,33.4,48.27,Imola2
2024-08-21,13:00:00,33.44,33.0,33.8,45.45,Imola2
2024-08-21,14:00:00,33.49,32.6,34.0,44.33,Imola2
2024-08-21,15:00:00,33.63,32.9,34.2,43.78,Imola2
2024-08-21,16:00:00,34.0,33.5,34.4,41.68,Imola2
2024-08-21,17:00:00,33.27,33.0,33.6,43.98,Imola2
2024-08-21,18:00:00,33.02,32.4,33.4,43.45,Imola2
2024-08-21,19:00:00,31.34,29.1,32.5,48.49,Imola2
2024-08-21,20:00:00,27.34,26.4,28.7,60.35,Imola2
2024-08-21,21:00:00,26.52,25.8,26.9,64.88,Imola2
2024-08-21,22:00:00,24.56,23.2,25.7,73.15,Imola2
2024-08-21,23:00:00,22.48,21.8,22.9,83.87,Imola2
2024-08-22,00:00:00,20.9,20.4,21.5,89.98,Imola2
2024-08-22,01:00:00,20.14,19.9,20.3,92.61,Imola2
2024-08-22,02:00:00,19.79,19.5,19.9,93.97,Imola2
2024-08-22,03:00:00,19.25,19.1,19.5,95.89,Imola2
2024-08-22,04:00:00,19.04,18.9,19.1,95.85,Imola2
2024-08-22,05:00:00,19.15,18.9,19.5,94.0,Imola2
2024-08-22,06:00:00,19.96,19.3,20.6,88.35,Imola2
2024-08-22,07:00:00,19.33,19.2,19.7,92.12,Imola2
2024-08-22,08:00:00,21.45,20.0,23.0,82.63,Imola2
2024-08-22,09:00:00,24.45,23.3,25.7,72.92,Imola2
2024-08-22,10:00:00,27.26,25.9,28.7,64.93,Imola2
2024-08-22,11:00:00,29.85,29.1,30.6,61.19,Imola2
2024-08-22,12:00:00,31.84,31.0,32.8,55.51,Imola2
2024-08-22,13:00:00,32.45,31.9,33.1,51.25,Imola2
2024-08-22,14:00:00,33.65,33.4,33.9,47.28,Imola2
2024-08-22,15:00:00,32.78,32.0,33.6,50.41,Imola2
2024-08-22,16:00:00,32.78,32.1,33.3,50.72,Imola2
2024-08-22,17:00:00,31.9,31.4,32.4,53.33,Imola2
2024-08-22,18:00:00,31.09,30.2,31.7,57.14,Imola2
2024-08-22,19:00:00,29.05,28.1,30.3,62.79,Imola2
2024-08-22,20:00:00,27.23,26.7,27.9,68.24,Imola2
2024-08-22,21:00:00,26.02,25.7,26.5,73.82,Imola2
2024-08-22,22:00:00,24.5,23.6,25.5,81.22,Imola2
2024-08-22,23:00:00,23.28,22.9,23.6,88.14,Imola2
2024-08-23,00:00:00,22.59,22.5,22.7,92.1,Imola2
2024-07-30,12:00:00,34.0,33.6,34.4,36.44,Imola3
2024-07-30,13:00:00,34.32,34.1,34.7,34.62,Imola3
2024-07-30,14:00:00,34.38,33.9,34.8,34.43,Imola3
2024-07-30,15:00:00,33.9,33.5,34.2,35.5,Imola3
2024-07-30,16:00:00,33.05,32.8,33.3,35.22,Imola3
2024-07-30,17:00:00,32.3,30.8,33.1,34.42,Imola3
2024-07-30,18:00:00,29.59,28.0,30.6,38.65,Imola3
2024-07-30,19:00:00,27.41,26.9,27.9,41.42,Imola3
2024-07-30,20:00:00,25.75,24.5,26.8,45.54,Imola3
2024-07-30,21:00:00,23.34,22.3,24.3,55.77,Imola3
2024-07-30,22:00:00,21.63,21.2,22.1,65.79,Imola3
2024-07-30,23:00:00,22.15,21.5,22.9,65.21,Imola3
2024-07-31,00:00:00,22.96,22.6,23.3,62.95,Imola3
2024-07-31,01:00:00,21.49,20.6,22.2,68.72,Imola3
2024-07-31,02:00:00,20.96,20.4,21.7,70.26,Imola3
2024-07-31,03:00:00,20.3,19.6,20.6,72.63,Imola3
2024-07-31,04:00:00,19.92,19.3,20.3,74.78,Imola3
2024-07-31,05:00:00,21.51,20.1,23.4,71.38,Imola3
2024-07-31,06:00:00,25.28,23.8,26.6,59.75,Imola3
2024-07-31,07:00:00,29.26,27.0,31.5,49.56,Imola3
2024-07-31,08:00:00,32.08,31.6,32.8,42.15,Imola3
2024-07-31,09:00:00,33.15,32.8,33.9,37.89,Imola3
2024-07-31,10:00:00,34.07,32.6,35.1,36.33,Imola3
2024-07-31,11:00:00,35.62,35.2,36.4,34.63,Imola3
2024-07-31,12:00:00,36.34,35.8,36.8,32.95,Imola3
2024-07-31,13:00:00,36.79,36.2,37.4,32.59,Imola3
2024-07-31,14:00:00,37.04,36.5,37.4,32.95,Imola3
2024-07-31,15:00:00,37.46,37.0,37.9,32.35,Imola3
2024-07-31,16:00:00,36.08,35.2,37.1,34.64,Imola3
2024-07-31,17:00:00,33.67,31.9,35.2,39.98,Imola3
2024-07-31,18:00:00,30.84,29.6,31.7,46.73,Imola3
2024-07-31,19:00:00,28.48,27.6,29.4,52.62,Imola3
2024-07-31,20:00:00,25.93,25.3,27.3,63.18,Imola3
2024-07-31,21:00:00,23.57,22.6,25.3,73.64,Imola3
2024-07-31,22:00:00,23.3,22.8,23.8,65.41,Imola3
2024-07-31,23:00:00,23.1,22.7,23.8,60.96,Imola3
2024-08-01,00:00:00,23.81,23.1,24.2,55.74,Imola3
2024-08-01,01:00:00,22.88,22.4,23.5,59.55,Imola3
2024-08-01,02:00:00,24.69,23.6,25.4,54.12,Imola3
2024-08-01,03:00:00,25.17,24.8,25.5,54.35,Imola3
2024-08-01,04:00:00,24.42,23.9,25.1,59.16,Imola3
2024-08-01,05:00:00,24.56,24.0,25.8,62.53,Imola3
2024-08-01,06:00:00,27.66,26.2,28.8,54.85,Imola3
2024-08-01,07:00:00,30.94,29.3,32.8,48.23,Imola3
2024-08-01,08:00:00,33.7,32.8,34.6,43.84,Imola3
2024-08-01,09:00:00,34.31,33.7,35.3,44.45,Imola3
2024-08-01,10:00:00,35.41,35.1,35.8,42.52,Imola3
2024-08-01,11:00:00,36.53,35.7,37.1,40.35,Imola3
2024-08-01,12:00:00,38.16,37.2,39.2,34.9,Imola3
2024-08-01,13:00:00,39.26,38.7,39.8,32.05,Imola3
2024-08-01,14:00:00,39.35,38.7,39.7,31.73,Imola3
2024-08-01,15:00:00,38.55,38.2,38.8,33.07,Imola3
2024-08-01,16:00:00,37.78,36.6,38.4,28.64,Imola3
2024-08-01,17:00:00,35.53,34.1,36.7,24.3,Imola3
2024-08-01,18:00:00,33.52,32.6,34.1,23.99,Imola3
2024-08-01,19:00:00,31.35,30.7,32.4,26.93,Imola3
2024-08-01,20:00:00,29.94,29.2,30.7,29.88,Imola3
2024-08-01,21:00:00,28.66,28.2,29.1,31.9,Imola3
2024-08-01,22:00:00,26.65,25.1,28.3,58.1,Imola3
2024-08-01,23:00:00,24.92,23.8,25.6,75.75,Imola3
2024-08-02,00:00:00,22.83,22.2,23.6,84.57,Imola3
2024-08-02,01:00:00,21.82,21.5,22.2,90.0,Imola3
2024-08-02,02:00:00,21.23,21.1,21.5,92.75,Imola3
2024-08-02,03:00:00,20.85,20.4,21.3,90.67,Imola3
2024-08-02,04:00:00,20.35,19.9,20.8,84.44,Imola3
2024-08-02,05:00:00,21.05,20.0,23.1,88.68,Imola3
2024-08-02,06:00:00,24.53,23.4,25.3,75.54,Imola3
2024-08-02,07:00:00,26.69,25.4,28.0,68.52,Imola3
2024-08-02,08:00:00,29.63,28.1,31.3,56.58,Imola3
2024-08-02,09:00:00,31.07,30.1,31.8,49.15,Imola3
2024-08-02,10:00:00,32.2,31.6,33.0,45.49,Imola3
2024-08-02,11:00:00,33.84,33.1,34.4,42.73,Imola3
2024-08-02,12:00:00,34.74,34.2,35.3,41.34,Imola3
2024-08-02,13:00:00,35.61,35.1,36.6,40.14,Imola3
2024-08-02,14:00:00,35.7,35.1,36.2,40.26,Imola3
2024-08-02,15:00:00,32.54,31.1,34.7,51.53,Imola3
2024-08-02,16:00:00,32.5,31.3,33.4,54.54,Imola3
2024-08-02,17:00:00,29.93,29.1,31.1,60.55,Imola3
2024-08-02,18:00:00,28.46,27.6,29.1,65.11,Imola3
2024-08-02,19:00:00,26.79,26.4,27.3,71.15,Imola3
2024-08-02,20:00:00,25.63,25.3,26.3,75.45,Imola3
2024-08-02,21:00:00,24.58,24.2,25.3,78.43,Imola3
2024-08-02,22:00:00,23.75,23.5,24.2,82.86,Imola3
2024-08-02,23:00:00,23.51,23.2,23.9,84.86,Imola3
2024-08-03,00:00:00,23.73,23.2,24.2,85.23,Imola3
2024-08-03,01:00:00,23.56,23.3,23.7,85.62,Imola3
2024-08-03,02:00:00,23.02,22.9,23.2,88.12,Imola3
2024-08-03,03:00:00,22.76,22.6,23.1,89.54,Imola3
2024-08-03,04:00:00,22.63,22.2,23.3,90.49,Imola3
2024-08-03,05:00:00,23.91,23.3,25.2,87.44,Imola3
2024-08-03,06:00:00,26.46,25.4,28.2,76.24,Imola3
2024-08-03,07:00:00,29.08,28.3,30.2,64.97,Imola3
2024-08-03,08:00:00,29.95,28.9,30.4,60.6,Imola3
2024-08-03,09:00:00,29.9,29.2,30.6,63.48,Imola3
2024-08-03,10:00:00,28.34,26.1,31.0,61.51,Imola3
2024-08-03,11:00:00,24.06,22.7,25.9,69.89,Imola3
2024-08-03,12:00:00,25.12,24.4,25.9,68.58,Imola3
2024-08-03,13:00:00,26.9,26.1,28.2,62.97,Imola3
2024-08-03,14:00:00,28.66,27.9,30.0,58.18,Imola3
2024-08-03,15:00:00,30.04,29.0,31.5,51.41,Imola3
2024-08-03,16:00:00,31.36,31.1,31.5,46.25,Imola3
2024-08-03,17:00:00,29.21,27.3,30.5,51.24,Imola3
2024-08-03,18:00:00,25.82,25.2,26.5,63.78,Imola3
2024-08-03,19:00:00,24.74,23.8,25.6,68.92,Imola3
2024-08-03,20:00:00,22.22,21.4,23.6,79.23,Imola3
2024-08-03,21:00:00,21.04,20.7,21.4,85.36,Imola3
2024-08-03,22:00:00,20.49,20.0,20.7,89.14,Imola3
2024-08-03,23:00:00,19.96,19.7,20.2,91.57,Imola3
2024-08-04,00:00:00,20.28,19.9,20.8,90.29,Imola3
2024-08-04,01:00:00,20.35,19.4,20.9,88.36,Imola3
2024-08-04,02:00:00,19.3,19.2,19.4,92.71,Imola3
2024-08-04,03:00:00,19.91,19.4,20.3,89.57,Imola3
2024-08-04,04:00:00,18.96,18.5,19.7,92.25,Imola3
2024-08-04,05:00:00,20.52,18.8,22.1,85.7,Imola3
2024-08-04,06:00:00,23.49,21.9,25.2,74.68,Imola3
2024-08-04,07:00:00,26.47,25.2,28.2,64.1,Imola3
2024-08-04,08:00:00,30.12,28.4,31.3,55.22,Imola3
2024-08-04,09:00:00,31.38,30.8,31.9,49.4,Imola3
2024-08-04,10:00:00,31.95,30.8,33.0,44.94,Imola3
2024-08-04,11:00:00,33.15,32.6,33.9,41.7,Imola3
2024-08-04,12:00:00,33.43,32.9,34.3,41.11,Imola3
2024-08-04,13:00:00,34.31,33.2,35.2,38.11,Imola3
2024-08-04,14:00:00,34.76,34.4,35.1,37.34,Imola3
2024-08-04,15:00:00,33.48,32.7,34.4,39.96,Imola3
2024-08-04,16:00:00,33.0,32.6,33.5,35.52,Imola3
2024-08-04,17:00:00,31.13,30.5,32.3,38.01,Imola3
2024-08-04,18:00:00,28.93,27.3,30.3,43.22,Imola3
2024-08-04,19:00:00,25.98,25.6,27.0,53.57,Imola3
2024-08-04,20:00:00,24.95,23.1,25.8,57.25,Imola3
2024-08-04,21:00:00,21.95,21.3,22.7,69.72,Imola3
2024-08-04,22:00:00,20.61,20.3,21.1,76.44,Imola3
2024-08-05,00:00:00,20.3,20.2,20.5,78.43,Imola3
2024-08-05,01:00:00,19.84,19.6,20.3,79.81,Imola3
2024-08-05,02:00:00,20.24,19.7,20.8,77.94,Imola3
2024-08-05,03:00:00,20.39,20.2,20.5,75.45,Imola3
2024-08-05,04:00:00,20.18,19.8,20.5,72.35,Imola3
2024-08-05,05:00:00,19.65,19.2,20.1,72.17,Imola3
2024-08-05,06:00:00,19.2,18.8,19.7,73.05,Imola3
2024-08-05,07:00:00,20.19,19.5,21.9,70.59,Imola3
2024-08-05,08:00:00,24.35,22.5,25.8,54.34,Imola3
2024-08-05,09:00:00,28.23,26.2,30.7,43.52,Imola3
2024-08-05,10:00:00,31.45,30.6,32.3,40.51,Imola3
2024-08-05,11:00:00,33.09,32.4,33.7,38.26,Imola3
2024-08-05,12:00:00,33.72,33.1,34.6,35.81,Imola3
2024-08-05,13:00:00,34.6,33.9,35.7,33.93,Imola3
2024-08-05,14:00:00,35.57,35.3,35.9,31.64,Imola3
2024-08-05,15:00:00,35.25,34.9,35.5,32.23,Imola3
2024-08-05,16:00:00,34.83,33.9,36.0,36.73,Imola3
2024-08-05,17:00:00,34.11,33.6,34.7,38.83,Imola3
2024-08-05,18:00:00,33.43,33.0,33.9,39.32,Imola3
2024-08-05,19:00:00,31.69,30.9,33.1,43.53,Imola3
2024-08-05,20:00:00,29.37,28.0,30.6,51.06,Imola3
2024-08-05,21:00:00,27.14,26.6,27.8,60.32,Imola3
2024-08-05,22:00:00,25.93,25.2,26.6,66.78,Imola3
2024-08-05,23:00:00,24.15,23.3,25.3,73.99,Imola3
2024-08-06,00:00:00,23.65,23.2,24.2,75.22,Imola3
2024-08-06,01:00:00,23.15,23.0,23.5,76.95,Imola3
2024-08-06,02:00:00,22.44,22.1,22.8,79.69,Imola3
2024-08-06,03:00:00,22.25,21.6,22.5,79.75,Imola3
2024-08-06,04:00:00,21.31,21.0,21.4,83.62,Imola3
2024-08-06,05:00:00,20.75,20.3,21.1,86.38,Imola3
2024-08-06,06:00:00,20.37,20.1,20.9,88.32,Imola3
2024-08-06,07:00:00,21.9,20.9,23.7,82.07,Imola3
2024-08-06,08:00:00,25.57,24.0,27.2,67.94,Imola3
2024-08-06,09:00:00,28.74,27.4,30.1,58.39,Imola3
2024-08-06,10:00:00,31.47,30.2,32.6,52.78,Imola3
2024-08-06,11:00:00,32.68,32.2,33.0,48.28,Imola3
2024-08-06,12:00:00,33.34,32.6,34.0,46.67,Imola3
2024-08-06,13:00:00,34.31,33.4,34.9,43.05,Imola3
2024-08-06,14:00:00,34.96,34.3,35.6,39.22,Imola3
2024-08-06,15:00:00,35.67,35.3,36.2,37.5,Imola3
2024-08-06,16:00:00,35.45,34.9,36.3,38.09,Imola3
2024-08-06,17:00:00,34.16,32.8,34.7,39.08,Imola3
2024-08-06,18:00:00,32.47,30.6,34.3,41.71,Imola3
2024-08-06,19:00:00,30.06,29.6,30.5,48.83,Imola3
2024-08-06,20:00:00,29.15,28.1,29.7,51.88,Imola3
2024-08-06,21:00:00,27.21,27.0,27.8,56.4,Imola3
2024-08-06,22:00:00,25.87,24.5,27.3,60.61,Imola3
2024-08-06,23:00:00,24.03,23.8,24.3,68.1,Imola3
2024-08-07,00:00:00,23.33,22.9,24.0,73.29,Imola3
2024-08-07,01:00:00,22.66,22.5,22.9,77.35,Imola3
2024-08-07,02:00:00,22.98,22.8,23.2,75.79,Imola3
2024-08-07,03:00:00,22.52,22.1,23.2,77.05,Imola3
2024-08-07,04:00:00,22.92,22.6,23.3,75.79,Imola3
2024-08-07,05:00:00,22.51,22.1,23.1,78.11,Imola3
2024-08-07,06:00:00,21.95,21.5,22.5,80.96,Imola3
2024-08-07,07:00:00,22.29,21.5,23.9,81.74,Imola3
2024-08-07,08:00:00,25.88,24.4,27.2,68.34,Imola3
2024-08-07,09:00:00,29.12,27.5,31.0,57.84,Imola3
2024-08-07,10:00:00,32.59,30.6,34.1,46.49,Imola3
2024-08-07,11:00:00,34.33,33.4,35.1,41.23,Imola3
2024-08-07,12:00:00,35.13,34.7,35.6,40.49,Imola3
2024-08-07,13:00:00,35.46,33.8,36.6,39.47,Imola3
2024-08-07,14:00:00,34.35,33.5,35.4,41.25,Imola3
2024-08-07,15:00:00,36.78,35.3,37.6,37.45,Imola3
2024-08-07,16:00:00,33.64,32.7,34.5,43.28,Imola3
2024-08-07,17:00:00,31.96,30.8,34.3,47.32,Imola3
2024-08-07,18:00:00,30.08,29.4,30.7,52.65,Imola3
2024-08-07,19:00:00,28.7,28.2,29.2,57.89,Imola3
2024-08-07,20:00:00,26.87,21.9,28.2,63.19,Imola3
2024-08-07,21:00:00,19.79,19.2,21.4,90.87,Imola3
2024-08-07,22:00:00,19.55,19.3,19.6,96.14,Imola3
2024-08-07,23:00:00,19.43,19.3,19.6,96.55,Imola3
2024-08-08,00:00:00,19.59,19.3,19.9,93.85,Imola3
2024-08-08,01:00:00,19.72,19.2,20.0,91.07,Imola3
2024-08-08,02:00:00,19.05,18.8,19.5,93.6,Imola3
2024-08-08,03:00:00,19.11,19.0,19.4,91.57,Imola3
2024-08-08,04:00:00,18.2,17.6,18.9,94.45,Imola3
2024-08-08,05:00:00,18.17,17.7,18.5,92.67,Imola3
2024-08-08,06:00:00,18.43,18.2,18.6,88.36,Imola3
2024-08-08,07:00:00,19.55,18.7,21.6,81.93,Imola3
2024-08-08,08:00:00,23.36,21.9,24.6,67.58,Imola3
2024-08-08,09:00:00,25.93,24.4,27.6,61.94,Imola3
2024-08-08,10:00:00,29.75,28.1,30.7,50.57,Imola3
2024-08-08,11:00:00,30.35,29.6,31.1,48.72,Imola3
2024-08-08,12:00:00,31.0,30.5,31.7,45.89,Imola3
2024-08-08,13:00:00,31.86,31.5,32.4,44.58,Imola3
2024-08-08,14:00:00,32.65,32.1,33.2,43.79,Imola3
2024-08-08,15:00:00,33.36,32.9,33.8,40.75,Imola3
2024-08-08,16:00:00,34.05,33.8,34.3,38.55,Imola3
2024-08-08,17:00:00,33.82,33.6,34.0,38.5,Imola3
2024-08-08,18:00:00,33.66,33.1,34.4,39.16,Imola3
2024-08-08,19:00:00,33.04,32.0,33.9,41.82,Imola3
2024-08-08,20:00:00,30.21,28.0,31.7,48.43,Imola3
2024-08-08,21:00:00,27.07,26.7,27.6,61.75,Imola3
2024-08-08,22:00:00,25.47,24.2,26.6,72.37,Imola3
2024-08-08,23:00:00,23.49,22.8,24.0,79.16,Imola3
2024-08-09,00:00:00,22.74,22.4,23.3,83.64,Imola3
2024-08-09,01:00:00,21.82,21.3,22.3,86.97,Imola3
2024-08-09,02:00:00,21.65,21.5,21.8,84.83,Imola3
2024-08-09,03:00:00,21.49,21.3,21.7,84.73,Imola3
2024-08-09,04:00:00,22.01,21.3,22.5,81.22,Imola3
2024-08-09,05:00:00,21.55,20.7,22.2,82.34,Imola3
2024-08-09,06:00:00,20.78,19.9,21.4,85.96,Imola3
2024-08-09,07:00:00,20.84,19.8,23.2,87.79,Imola3
2024-08-09,08:00:00,25.12,23.7,26.3,70.52,Imola3
2024-08-09,09:00:00,27.93,26.5,29.7,61.57,Imola3
2024-08-09,10:00:00,31.05,29.7,31.9,53.16,Imola3
2024-08-09,11:00:00,31.92,31.4,32.8,47.9,Imola3
2024-08-09,12:00:00,33.05,32.2,33.7,42.3,Imola3
2024-08-09,13:00:00,34.45,34.0,34.8,38.19,Imola3
2024-08-09,14:00:00,35.35,34.7,36.1,33.35,Imola3
2024-08-09,15:00:00,35.97,35.5,36.3,32.95,Imola3
2024-08-09,16:00:00,35.88,35.5,36.2,35.02,Imola3
2024-08-09,17:00:00,35.32,34.9,35.8,40.6,Imola3
2024-08-09,18:00:00,34.16,33.7,35.1,43.5,Imola3
2024-08-09,19:00:00,32.65,31.9,34.0,44.61,Imola3
2024-08-09,20:00:00,30.35,29.1,31.5,49.72,Imola3
2024-08-09,21:00:00,27.65,26.3,28.8,57.95,Imola3
2024-08-09,22:00:00,25.07,24.7,25.9,68.03,Imola3
2024-08-09,23:00:00,23.85,23.5,24.6,74.27,Imola3
2024-08-10,00:00:00,24.33,23.6,25.1,75.0,Imola3
2024-08-10,01:00:00,24.17,24.0,24.5,75.38,Imola3
2024-08-10,02:00:00,23.7,23.1,24.3,77.63,Imola3
2024-08-10,03:00:00,23.9,22.7,24.5,75.05,Imola3
2024-08-10,04:00:00,22.88,22.5,23.3,76.9,Imola3
2024-08-10,05:00:00,22.2,21.6,23.4,78.3,Imola3
2024-08-10,06:00:00,22.55,22.2,23.2,75.14,Imola3
2024-08-10,07:00:00,22.85,22.0,25.3,73.97,Imola3
2024-08-10,08:00:00,26.65,25.8,27.4,61.69,Imola3
2024-08-10,09:00:00,29.14,27.6,30.6,56.98,Imola3
2024-08-10,10:00:00,32.33,30.9,33.2,49.05,Imola3
2024-08-10,11:00:00,33.3,32.7,34.1,43.11,Imola3
2024-08-10,12:00:00,34.8,33.9,35.7,38.71,Imola3
2024-08-10,13:00:00,35.38,34.8,36.3,37.74,Imola3
2024-08-10,14:00:00,36.03,35.4,36.7,36.95,Imola3
2024-08-10,15:00:00,35.91,35.5,36.4,36.7,Imola3
2024-08-10,16:00:00,36.55,36.0,37.3,35.46,Imola3
2024-08-10,17:00:00,36.27,35.4,36.7,35.65,Imola3
2024-08-10,18:00:00,35.53,34.9,36.0,39.28,Imola3
2024-08-10,19:00:00,34.14,32.5,35.3,39.83,Imola3
2024-08-10,20:00:00,30.88,29.4,32.3,47.54,Imola3
2024-08-10,21:00:00,28.63,27.8,29.4,52.32,Imola3
2024-08-10,22:00:00,25.99,24.7,27.6,61.37,Imola3
2024-08-10,23:00:00,24.08,23.6,24.6,70.63,Imola3
2024-08-11,00:00:00,24.17,24.0,24.4,72.75,Imola3
2024-08-11,01:00:00,25.08,24.4,25.5,68.63,Imola3
2024-08-11,02:00:00,24.77,24.4,25.3,69.18,Imola3
2024-08-11,03:00:00,25.15,24.6,25.4,67.18,Imola3
2024-08-11,04:00:00,24.16,23.7,24.4,70.41,Imola3
2024-08-11,05:00:00,24.0,23.5,24.3,70.08,Imola3
2024-08-11,06:00:00,23.29,22.5,24.2,72.57,Imola3
2024-08-11,07:00:00,23.05,22.5,24.8,75.63,Imola3
2024-08-11,08:00:00,26.9,25.3,28.1,63.73,Imola3
2024-08-11,09:00:00,29.96,28.3,31.4,52.97,Imola3
2024-08-11,10:00:00,33.12,31.7,34.3,41.09,Imola3
2024-08-11,11:00:00,33.99,33.6,34.6,38.51,Imola3
2024-08-11,12:00:00,35.56,34.8,36.4,34.48,Imola3
2024-08-11,13:00:00,36.38,35.9,36.8,32.04,Imola3
2024-08-11,14:00:00,37.03,36.4,37.7,31.14,Imola3
2024-08-11,15:00:00,37.47,36.7,38.4,31.74,Imola3
2024-08-11,16:00:00,37.51,37.1,37.8,31.63,Imola3
2024-08-11,17:00:00,37.15,36.2,38.2,32.86,Imola3
2024-08-11,18:00:00,35.32,34.4,36.1,41.21,Imola3
2024-08-11,19:00:00,33.65,33.1,34.3,39.81,Imola3
2024-08-11,20:00:00,31.61,30.3,33.1,44.53,Imola3
2024-08-11,21:00:00,28.59,27.3,29.9,53.48,Imola3
2024-08-11,22:00:00,25.75,24.9,27.2,62.99,Imola3
2024-08-11,23:00:00,25.57,25.1,26.1,66.46,Imola3
2024-08-12,00:00:00,25.96,25.7,26.2,65.34,Imola3
2024-08-12,01:00:00,26.13,25.9,26.4,63.8,Imola3
2024-08-12,02:00:00,25.91,25.7,26.1,63.86,Imola3
2024-08-12,03:00:00,24.57,24.1,25.6,67.88,Imola3
2024-08-12,04:00:00,23.36,23.2,23.8,72.07,Imola3
2024-08-12,05:00:00,23.44,23.2,23.7,70.77,Imola3
2024-08-12,06:00:00,23.56,22.9,23.8,69.0,Imola3
2024-08-12,07:00:00,23.67,22.7,25.5,68.68,Imola3
2024-08-12,08:00:00,27.17,25.8,28.2,58.21,Imola3
2024-08-12,09:00:00,30.8,28.4,33.3,49.55,Imola3
2024-08-12,10:00:00,34.29,33.9,34.6,40.55,Imola3
2024-08-12,11:00:00,34.51,34.2,34.8,39.52,Imola3
2024-08-12,12:00:00,35.66,34.8,36.4,36.31,Imola3
2024-08-12,13:00:00,36.85,36.6,37.3,32.84,Imola3
2024-08-12,14:00:00,37.7,37.3,38.1,31.38,Imola3
2024-08-12,15:00:00,38.55,38.0,39.0,29.52,Imola3
2024-08-12,16:00:00,38.83,38.5,39.2,28.93,Imola3
2024-08-12,17:00:00,37.29,35.6,39.2,31.24,Imola3
2024-08-12,18:00:00,34.84,34.3,35.5,36.25,Imola3
2024-08-12,19:00:00,33.07,32.2,34.2,40.05,Imola3
2024-08-12,20:00:00,31.37,30.5,32.1,43.56,Imola3
2024-08-12,21:00:00,28.66,27.0,30.3,51.28,Imola3
2024-08-12,22:00:00,27.24,26.9,27.5,58.62,Imola3
2024-08-12,23:00:00,27.01,26.9,27.2,59.61,Imola3
2024-08-13,00:00:00,26.57,26.3,26.9,60.25,Imola3
2024-08-13,01:00:00,26.14,26.1,26.2,60.63,Imola3
2024-08-13,02:00:00,26.21,25.8,26.4,59.8,Imola3
2024-08-13,03:00:00,25.59,25.4,25.7,61.59,Imola3
2024-08-13,04:00:00,25.25,25.0,25.4,62.3,Imola3
2024-08-13,05:00:00,24.63,23.3,25.3,64.67,Imola3
2024-08-13,06:00:00,22.62,22.3,23.4,72.38,Imola3
2024-08-13,07:00:00,24.22,23.6,25.2,67.16,Imola3
2024-08-13,08:00:00,27.2,25.7,28.4,58.08,Imola3
2024-08-13,09:00:00,30.97,28.9,32.3,48.39,Imola3
2024-08-13,10:00:00,33.61,32.7,34.7,43.72,Imola3
2024-08-13,11:00:00,34.49,33.8,35.2,42.67,Imola3
2024-08-13,12:00:00,35.97,35.6,36.5,38.97,Imola3
2024-08-13,13:00:00,34.11,33.8,35.1,42.41,Imola3
2024-08-13,14:00:00,37.23,34.8,38.4,36.24,Imola3
2024-08-13,15:00:00,38.19,37.6,38.7,32.21,Imola3
2024-08-13,16:00:00,37.09,36.2,38.0,35.43,Imola3
2024-08-13,17:00:00,36.85,36.6,37.4,37.58,Imola3
2024-08-13,18:00:00,34.27,31.1,37.2,39.37,Imola3
2024-08-13,19:00:00,30.15,29.4,31.0,42.76,Imola3
2024-08-13,20:00:00,28.88,28.6,29.4,50.62,Imola3
2024-08-13,21:00:00,27.93,26.7,28.6,55.85,Imola3
2024-08-13,22:00:00,26.76,26.2,27.7,61.92,Imola3
2024-08-13,23:00:00,25.9,25.0,27.7,66.77,Imola3
2024-08-14,00:00:00,26.41,26.1,26.7,58.75,Imola3
2024-08-14,01:00:00,26.62,26.2,26.8,54.3,Imola3
2024-08-14,02:00:00,26.97,26.5,27.2,53.08,Imola3
2024-08-14,03:00:00,26.91,26.8,27.1,53.53,Imola3
2024-08-14,04:00:00,25.2,24.2,26.9,59.6,Imola3
2024-08-14,05:00:00,22.92,22.2,23.6,67.47,Imola3
2024-08-14,06:00:00,22.73,22.3,23.2,69.66,Imola3
2024-08-14,07:00:00,23.81,22.5,25.7,64.87,Imola3
2024-08-14,08:00:00,27.66,26.4,29.1,52.85,Imola3
2024-08-14,09:00:00,31.41,29.4,33.9,44.9,Imola3
2024-08-14,10:00:00,34.49,33.9,35.7,39.12,Imola3
2024-08-14,11:00:00,35.31,34.9,35.9,36.38,Imola3
2024-08-14,12:00:00,36.31,35.7,37.3,34.25,Imola3
2024-08-14,13:00:00,36.87,36.3,37.5,34.21,Imola3
2024-08-14,14:00:00,37.91,37.0,38.8,31.58,Imola3
2024-08-14,15:00:00,36.47,35.4,38.1,33.04,Imola3
2024-08-14,16:00:00,35.54,32.3,37.8,37.02,Imola3
2024-08-14,17:00:00,29.04,25.8,31.7,66.35,Imola3
2024-08-14,18:00:00,29.81,27.8,31.7,60.4,Imola3
2024-08-14,19:00:00,27.41,27.2,27.6,60.66,Imola3
2024-08-14,20:00:00,27.45,26.7,27.9,61.47,Imola3
2024-08-14,21:00:00,26.18,25.7,26.4,64.2,Imola3
2024-08-14,22:00:00,25.37,24.3,26.2,62.8,Imola3
2024-08-14,23:00:00,24.31,24.1,24.7,65.56,Imola3
2024-08-15,00:00:00,24.41,24.2,24.8,62.68,Imola3
2024-08-15,01:00:00,23.65,23.4,24.1,68.37,Imola3
2024-08-15,02:00:00,23.05,22.8,23.4,73.7,Imola3
2024-08-15,03:00:00,21.63,21.0,22.6,82.81,Imola3
2024-08-15,04:00:00,21.27,21.0,21.5,85.0,Imola3
2024-08-15,05:00:00,21.23,20.9,21.8,85.52,Imola3
2024-08-15,06:00:00,20.59,20.0,21.5,88.46,Imola3
2024-08-15,07:00:00,21.27,20.1,22.7,86.33,Imola3
2024-08-15,08:00:00,24.83,23.3,25.8,73.41,Imola3
2024-08-15,09:00:00,27.64,26.0,29.4,62.23,Imola3
2024-08-15,10:00:00,29.66,28.9,30.6,54.38,Imola3
2024-08-15,11:00:00,30.97,30.5,31.4,50.3,Imola3
2024-08-15,12:00:00,32.26,31.4,33.1,45.99,Imola3
2024-08-15,13:00:00,32.93,32.5,33.3,45.13,Imola3
2024-08-15,14:00:00,32.93,32.6,33.2,46.07,Imola3
2024-08-15,15:00:00,32.66,32.1,33.4,45.08,Imola3
2024-08-15,16:00:00,31.38,30.5,32.0,48.91,Imola3
2024-08-15,17:00:00,30.47,30.2,30.7,50.42,Imola3
2024-08-15,18:00:00,29.41,29.0,30.1,52.28,Imola3
2024-08-15,19:00:00,28.79,28.4,29.1,53.86,Imola3
2024-08-15,20:00:00,27.53,26.6,28.3,56.7,Imola3
2024-08-15,21:00:00,25.16,24.5,26.4,65.23,Imola3
2024-08-15,22:00:00,24.61,24.4,24.8,68.85,Imola3
2024-08-15,23:00:00,24.87,24.6,25.1,69.98,Imola3
2024-08-16,00:00:00,24.81,24.5,25.1,71.54,Imola3
2024-08-16,01:00:00,24.84,24.4,25.1,71.9,Imola3
2024-08-16,02:00:00,23.95,23.7,24.3,75.97,Imola3
2024-08-16,03:00:00,23.76,23.2,24.2,77.05,Imola3
2024-08-16,04:00:00,22.3,21.9,23.0,83.85,Imola3
2024-08-16,05:00:00,22.76,22.0,23.2,81.85,Imola3
2024-08-16,06:00:00,21.61,21.5,21.8,87.01,Imola3
2024-08-16,07:00:00,22.51,21.9,23.7,84.47,Imola3
2024-08-16,08:00:00,25.44,24.1,27.0,73.15,Imola3
2024-08-16,09:00:00,28.77,27.4,29.5,59.98,Imola3
2024-08-16,10:00:00,31.65,30.2,32.5,51.08,Imola3
2024-08-16,11:00:00,32.04,31.6,32.6,48.16,Imola3
2024-08-16,12:00:00,31.8,31.3,32.4,49.07,Imola3
2024-08-16,13:00:00,32.7,32.1,34.3,46.33,Imola3
2024-08-16,14:00:00,33.91,32.9,34.9,43.89,Imola3
2024-08-16,15:00:00,34.76,34.4,35.0,42.7,Imola3
2024-08-16,16:00:00,35.43,35.1,35.6,40.85,Imola3
2024-08-16,17:00:00,34.54,31.8,35.8,42.51,Imola3
2024-08-16,18:00:00,31.42,30.0,33.3,47.51,Imola3
2024-08-16,19:00:00,31.95,30.0,34.0,49.18,Imola3
2024-08-16,20:00:00,28.73,27.7,29.8,56.23,Imola3
2024-08-16,21:00:00,26.67,26.3,27.4,57.07,Imola3
2024-08-16,22:00:00,26.13,25.6,26.8,64.29,Imola3
2024-08-16,23:00:00,25.38,24.8,25.8,68.65,Imola3
2024-08-17,00:00:00,24.63,24.1,24.9,72.48,Imola3
2024-08-17,01:00:00,24.91,24.1,25.9,67.24,Imola3
2024-08-17,02:00:00,25.92,25.7,26.3,58.75,Imola3
2024-08-17,03:00:00,24.51,23.5,25.3,62.98,Imola3
2024-08-17,04:00:00,23.59,23.4,23.9,67.3,Imola3
2024-08-17,05:00:00,23.65,23.4,23.9,67.96,Imola3
2024-08-17,06:00:00,23.51,23.3,23.8,70.12,Imola3
2024-08-17,07:00:00,23.78,23.5,24.5,70.13,Imola3
2024-08-17,08:00:00,26.5,24.7,28.4,60.22,Imola3
2024-08-17,09:00:00,30.47,28.8,32.3,48.81,Imola3
2024-08-17,10:00:00,33.12,32.5,34.1,42.0,Imola3
2024-08-17,11:00:00,33.35,33.1,33.6,39.89,Imola3
2024-08-17,12:00:00,34.72,33.8,35.5,37.4,Imola3
2024-08-17,13:00:00,35.13,34.0,36.4,35.81,Imola3
2024-08-17,14:00:00,33.61,32.5,35.0,38.73,Imola3
2024-08-17,15:00:00,33.75,32.1,35.3,38.75,Imola3
2024-08-17,16:00:00,28.83,21.3,32.4,54.78,Imola3
2024-08-17,17:00:00,20.81,20.5,21.7,94.85,Imola3
2024-08-17,18:00:00,24.44,22.3,25.9,90.11,Imola3
2024-08-17,19:00:00,25.71,25.1,26.3,84.85,Imola3
2024-08-17,20:00:00,24.03,22.7,24.9,91.32,Imola3
2024-08-17,21:00:00,21.94,21.3,22.5,94.31,Imola3
2024-08-17,22:00:00,22.15,21.2,22.7,85.96,Imola3
2024-08-17,23:00:00,22.3,21.6,23.0,82.4,Imola3
2024-08-18,00:00:00,23.27,22.3,24.1,76.52,Imola3
2024-08-18,01:00:00,23.77,23.5,24.2,72.55,Imola3
2024-08-18,02:00:00,23.71,23.5,24.1,71.86,Imola3
2024-08-18,03:00:00,23.05,22.7,23.4,74.73,Imola3
2024-08-18,04:00:00,22.51,22.2,23.0,79.35,Imola3
2024-08-18,05:00:00,22.97,22.8,23.1,76.6,Imola3
2024-08-18,06:00:00,22.43,21.7,22.8,76.41,Imola3
2024-08-18,07:00:00,22.58,21.6,23.8,75.45,Imola3
2024-08-18,08:00:00,25.8,24.3,26.9,65.71,Imola3
2024-08-18,09:00:00,27.68,26.9,28.7,58.6,Imola3
2024-08-18,10:00:00,27.75,27.0,28.6,55.02,Imola3
2024-08-18,11:00:00,27.21,26.9,27.5,59.25,Imola3
2024-08-18,12:00:00,30.09,27.8,32.9,51.55,Imola3
2024-08-18,13:00:00,32.51,31.4,33.7,44.4,Imola3
2024-08-18,14:00:00,33.01,32.3,33.6,41.37,Imola3
2024-08-18,15:00:00,32.79,31.7,33.6,40.08,Imola3
2024-08-18,16:00:00,30.18,28.9,31.6,45.27,Imola3
2024-08-18,17:00:00,26.77,25.7,28.7,63.63,Imola3
2024-08-18,18:00:00,25.88,25.6,26.2,68.51,Imola3
2024-08-18,19:00:00,26.14,25.4,26.6,66.73,Imola3
2024-08-18,20:00:00,24.09,23.0,25.2,76.52,Imola3
2024-08-18,21:00:00,22.71,22.4,22.9,72.58,Imola3
2024-08-18,22:00:00,22.51,22.1,22.8,70.71,Imola3
2024-08-18,23:00:00,21.96,21.7,22.1,72.86,Imola3
2024-08-19,00:00:00,22.02,21.9,22.3,72.57,Imola3
2024-08-19,01:00:00,21.43,21.1,21.7,75.34,Imola3
2024-08-19,02:00:00,20.75,20.4,21.1,78.04,Imola3
2024-08-19,03:00:00,20.58,20.5,20.8,78.67,Imola3
2024-08-19,04:00:00,20.78,20.5,21.0,79.38,Imola3
2024-08-19,05:00:00,20.16,20.1,20.3,80.39,Imola3
2024-08-19,06:00:00,19.66,19.4,20.1,81.18,Imola3
2024-08-19,07:00:00,19.32,19.1,19.5,83.97,Imola3
2024-08-19,08:00:00,20.01,19.1,21.0,83.02,Imola3
2024-08-19,09:00:00,20.9,20.4,21.1,81.45,Imola3
2024-08-19,10:00:00,18.84,18.3,20.1,94.86,Imola3
2024-08-19,11:00:00,19.13,18.6,20.3,97.73,Imola3
2024-08-19,12:00:00,21.82,20.7,23.4,91.75,Imola3
2024-08-19,13:00:00,23.17,22.1,23.7,85.0,Imola3
2024-08-19,14:00:00,23.21,22.3,24.1,83.47,Imola3
2024-08-19,15:00:00,23.76,23.4,24.3,77.95,Imola3
2024-08-19,16:00:00,24.62,24.2,25.1,74.05,Imola3
2024-08-19,17:00:00,25.03,24.1,25.7,71.98,Imola3
2024-08-19,18:00:00,23.62,23.0,24.2,79.9,Imola3
2024-08-19,19:00:00,23.87,23.3,24.4,77.67,Imola3
2024-08-19,20:00:00,22.44,21.8,23.2,86.65,Imola3
2024-08-19,21:00:00,21.72,21.7,21.8,93.27,Imola3
2024-08-19,22:00:00,21.68,21.6,21.7,93.85,Imola3
2024-08-19,23:00:00,21.09,20.9,21.5,94.79,Imola3
2024-08-20,00:00:00,20.92,20.9,21.1,95.15,Imola3
2024-08-20,01:00:00,20.8,20.6,20.9,95.81,Imola3
2024-08-20,02:00:00,20.58,20.5,20.6,97.44,Imola3
2024-08-20,03:00:00,20.62,20.5,20.8,96.72,Imola3
2024-08-20,04:00:00,20.73,20.7,20.8,95.28,Imola3
2024-08-20,05:00:00,20.71,20.6,20.8,96.03,Imola3
2024-08-20,06:00:00,20.58,20.5,20.6,97.02,Imola3
2024-08-20,07:00:00,20.8,20.6,21.0,95.22,Imola3
2024-08-20,08:00:00,21.61,21.1,22.8,91.84,Imola3
2024-08-20,09:00:00,23.05,22.5,23.9,85.39,Imola3
2024-08-20,10:00:00,22.97,22.5,24.0,85.75,Imola3
2024-08-20,11:00:00,24.12,22.7,25.7,84.18,Imola3
2024-08-20,12:00:00,25.73,25.2,26.5,77.95,Imola3
2024-08-20,13:00:00,26.25,25.8,27.1,74.1,Imola3
2024-08-20,14:00:00,25.92,24.5,28.2,76.83,Imola3
2024-08-20,15:00:00,23.66,22.6,25.4,87.15,Imola3
2024-08-20,16:00:00,24.49,23.7,26.1,86.25,Imola3
2024-08-20,17:00:00,27.25,26.5,28.2,73.35,Imola3
2024-08-20,18:00:00,27.36,26.1,28.6,69.31,Imola3
2024-08-20,19:00:00,24.62,24.1,25.7,79.73,Imola3
2024-08-20,20:00:00,23.43,22.2,24.4,85.48,Imola3
2024-08-20,21:00:00,21.96,21.7,22.2,92.08,Imola3
2024-08-20,22:00:00,21.92,21.9,22.0,92.11,Imola3
2024-08-20,23:00:00,22.01,21.9,22.1,89.16,Imola3
2024-08-21,00:00:00,21.86,21.8,22.2,88.3,Imola3
2024-08-21,01:00:00,21.64,21.5,21.8,88.34,Imola3
2024-08-21,02:00:00,21.51,21.4,21.6,87.68,Imola3
2024-08-21,03:00:00,21.42,21.3,21.5,87.12,Imola3
2024-08-21,04:00:00,21.46,21.3,21.6,85.97,Imola3
2024-08-21,05:00:00,21.2,21.1,21.3,86.56,Imola3
2024-08-21,06:00:00,21.17,21.1,21.2,86.29,Imola3
2024-08-21,07:00:00,21.54,21.2,21.9,84.94,Imola3
2024-08-21,08:00:00,23.42,22.1,24.6,78.45,Imola3
2024-08-21,09:00:00,27.13,24.9,29.4,66.93,Imola3
2024-08-21,10:00:00,31.26,29.9,31.8,54.25,Imola3
2024-08-21,11:00:00,31.86,31.5,32.3,50.69,Imola3
2024-08-21,12:00:00,31.82,31.4,32.5,49.67,Imola3
2024-08-21,13:00:00,32.51,32.1,33.2,46.66,Imola3
2024-08-21,14:00:00,32.78,31.9,33.3,44.67,Imola3
2024-08-21,15:00:00,33.1,32.3,33.7,43.49,Imola3
2024-08-21,16:00:00,33.6,32.9,34.0,41.65,Imola3
2024-08-21,17:00:00,33.51,33.1,33.9,42.35,Imola3
2024-08-21,18:00:00,33.02,32.2,33.5,42.81,Imola3
2024-08-21,19:00:00,31.15,29.2,32.3,47.72,Imola3
2024-08-21,20:00:00,27.26,26.3,28.6,60.34,Imola3
2024-08-21,21:00:00,26.37,25.7,26.7,64.9,Imola3
2024-08-21,22:00:00,24.07,22.6,25.5,74.92,Imola3
2024-08-21,23:00:00,22.23,21.5,22.6,84.59,Imola3
2024-08-22,00:00:00,20.68,20.2,21.3,90.69,Imola3
2024-08-22,01:00:00,20.15,19.9,20.4,92.24,Imola3
2024-08-22,02:00:00,19.71,19.5,19.9,93.94,Imola3
2024-08-22,03:00:00,19.21,19.1,19.5,95.67,Imola3
2024-08-22,04:00:00,19.21,19.1,19.3,94.88,Imola3
2024-08-22,05:00:00,19.51,19.2,20.2,91.8,Imola3
2024-08-22,06:00:00,20.37,19.5,21.0,85.51,Imola3
2024-08-22,07:00:00,19.4,19.3,19.8,91.1,Imola3
2024-08-22,08:00:00,22.11,20.3,23.9,80.04,Imola3
2024-08-22,09:00:00,26.16,24.2,27.8,66.53,Imola3
2024-08-22,10:00:00,29.86,28.0,31.2,55.67,Imola3
2024-08-22,11:00:00,30.33,29.4,31.1,58.95,Imola3
2024-08-22,12:00:00,31.27,30.2,32.1,55.31,Imola3
2024-08-22,13:00:00,31.23,30.5,31.9,53.49,Imola3
2024-08-22,14:00:00,32.45,32.0,32.8,49.29,Imola3
2024-08-22,15:00:00,32.03,31.1,32.7,51.76,Imola3
2024-08-22,16:00:00,32.64,32.1,33.5,50.42,Imola3
2024-08-22,17:00:00,32.13,31.8,32.5,52.49,Imola3
2024-08-22,18:00:00,30.78,29.8,31.5,57.43,Imola3
2024-08-22,19:00:00,28.85,28.2,29.9,62.68,Imola3
2024-08-22,20:00:00,27.24,26.6,28.0,68.17,Imola3
2024-08-22,21:00:00,25.89,25.5,26.4,73.96,Imola3
2024-08-22,22:00:00,24.22,23.4,25.4,81.69,Imola3
2024-08-22,23:00:00,23.13,22.8,23.4,88.43,Imola3
2024-08-23,00:00:00,22.74,22.7,22.8,90.89,Imola3
